time,analytic,rk4,solve_ivp
0.0,0.0,0.0,0.0
0.001,4.976471440488506e-05,4.976471440627115e-05,4.976471440469604e-05
0.002,0.0001981210484949722,0.00019812104851425435,0.00019812105380097322
0.003,0.0004436697879629415,0.00044366978801627907,0.0004436698050806238
0.004,0.0007850217163582754,0.0007850217164614803,0.0007850217414830806
0.005,0.0012207976126340867,0.001220797612802627,0.0012207976342383806
0.006,0.0017496282477358978,0.001749628247984901,0.0017496282526502202
0.007,0.0023701543802461637,0.00237015438059042,0.002370154364095957
0.008,0.003081026751098231,0.0030810267515521965,0.003081026728633476
0.009000000000000001,0.003880906077373327,0.003880906077951128,0.003880906052003609
0.01,0.004768463045194065,0.004768463045909498,0.004768463024064377
0.011,0.0057423783017278695,0.005742378302594409,0.005742378288956421
0.012,0.006801342446313604,0.006801342447344404,0.0068013424355805475
0.013000000000000001,0.0079440560207246,0.007944056021932495,0.007944055997597725
0.014,0.009169229498581184,0.009169229499978695,0.009169229453429097
0.015,0.010475583273925686,0.010475583275525025,0.010475583218016697
0.016,0.011861847648972842,0.011861847650785916,0.01186184756693992
0.017,0.013326762821048376,0.013326762823086783,0.013326762723480252
0.018000000000000002,0.01486907886872844,0.014869078871003485,0.014869078778550756
0.019,0.016487555737192572,0.016487555739715245,0.016487555665746754
0.02,0.018180963222802573,0.018180963225583588,0.018180963161345865
0.021,0.01994808095691981,0.01994808095996958,0.019948080884307964
0.022,0.02178769838897316,0.02178769839230181,0.021787698296275183
0.023,0.023698614768789872,0.023698614772407246,0.023698614647272156
0.024,0.025679639128201363,0.025679639132117023,0.025679638942355004
0.025,0.027729590261936065,0.027729590266159298,0.02772959004210881
0.026000000000000002,0.029847296707811142,0.02984729671235095,0.02984729650064099
0.027,0.03203159672623492,0.03203159673110004,0.03203159655958984
0.028,0.034281338279031785,0.03428133828423068,0.034281338148124646
0.029,0.03659537900760107,0.03659537901314195,0.036595378882945555
0.03,0.03897258621042157,0.03897258621631237,0.03897258606828366
0.031,0.04141183681991301,0.04141183682616141,0.04141183664085135
0.032,0.04391201737866585,0.043912017385279285,0.043912017083389064
0.033,0.04647202401505063,0.04647202402203626,0.04647202363320407
0.034,0.049090762418218,0.04909076242558275,0.04909076202630598
0.035,0.05176714781250048,0.05176714782025105,0.05176714747631031
0.036000000000000004,0.054500104931226916,0.05450010493936973,0.05450010467443833
0.037,0.05728856798996036,0.0572885679985016,0.057288567789517186
0.038,0.06013148065917032,0.06013148066811595,0.060131480467979885
0.039,0.06302779603634988,0.06302779604570562,0.06302779583370406
0.04,0.06597647661758828,0.06597647662735963,0.06597647629736803
0.041,0.06897649426860956,0.06897649427880179,0.06897649376212713
0.042,0.07202683019528744,0.07202683020590557,0.07202682957506187
0.043000000000000003,0.0751264749136468,0.07512647492469564,0.07512647429597996
0.044,0.07827442821936204,0.07827442823084617,0.0782744276974162
0.045,0.08146969915676232,0.08146969916868614,0.08146969876463267
0.046,0.08471130598735364,0.08471130599972132,0.08471130569561845
0.047,0.08799827615786777,0.08799827617068326,0.08799827590108991
0.048,0.09132964626784786,0.09132964628111491,0.09132964600449053
0.049,0.09470446203678025,0.0947044620505024,0.09470446162593073
0.05,0.09812177827078243,0.09812177828496302,0.09812177758369743
0.051000000000000004,0.10158065882885643,0.10158065884349861,0.10158065794163129
0.052000000000000005,0.10508017658871721,0.10508017660382392,0.10508017565798591
0.053,0.10861941341220546,0.10861941342777943,0.10861941258498435
0.054,0.11219746011029384,0.11219746012633769,0.11219745946881926
0.055,0.11581341640769627,0.11581341642421235,0.11581341594965255
0.056,0.11946639090708878,0.11946639092407932,0.11946639056161575
0.057,0.12315550105295167,0.12315550107041866,0.12315550073280979
0.058,0.126879873095041,0.12687987311298626,0.12687987272754145
0.059000000000000004,0.1306386420514991,0.1306386420699243,0.13063864135475228
0.06,0.13443095167161223,0.1344309516905188,0.13443095060538607
0.061,0.1382559543982243,0.13825595441761362,0.13825595311528144
0.062,0.1421128113298153,0.14211281134968848,0.14211281004375848
0.063,0.14600069218225245,0.14600069220261053,0.1460006910736189
0.064,0.1499187752502233,0.14991877527106703,0.14991877441114598
0.065,0.15386624736835802,0.1538662473896881,0.15386624678610472
0.066,0.1578423038720501,0.15784230389386705,0.15784230345174166
0.067,0.16184614855798293,0.16184614858028706,0.16184614818478488
0.068,0.16587699364437053,0.16587699366716205,0.16587699321307514
0.069,0.1699340597309204,0.16993405975419937,0.16993405886861174
0.07,0.1740165757585265,0.1740165757822928,0.17401657439119741
0.07100000000000001,0.17812377896869966,0.178123778992953,0.1781237772715257
0.07200000000000001,0.18225491486274384,0.1822549148874839,0.18225491310468145
0.073,0.18640923716068536,0.18640923718591157,0.1864092355901412
0.074,0.19058600775996276,0.19058600778567447,0.19058600653177302
0.075,0.19478449669388473,0.19478449672008116,0.19478449583783652
0.076,0.19900398208986372,0.19900398211654394,0.19900398152098278
0.077,0.20324375012743223,0.20324375015459517,0.20324374969825448
0.078,0.20750309499604913,0.20750309502369357,0.20750309459108582
0.079,0.2117813188527031,0.21178131888082782,0.2117813181275257
0.08,0.2160777317793205,0.216077731807924,0.2160777303934584
0.081,0.22039165173998415,0.22039165176906492,0.22039164976279946
0.082,0.22472240453797035,0.22472240456752673,0.22472240225095658
0.083,0.22906932377261086,0.22906932380264106,0.2290693215141516
0.084,0.23343175079598646,0.23343175082648854,0.23343174884942058
0.085,0.23780903466945874,0.23780903470043072,0.2378090331946135
0.08600000000000001,0.24220053212004716,0.2422005321514869,0.24220053112839454
0.08700000000000001,0.2466056074966571,0.2466056075285624,0.2466056068702419
0.088,0.25102363272616596,0.2510236327585344,0.25102363228044794
0.089,0.25545398726937346,0.25545398730220276,0.25545398686011345
0.09,0.25989605807682253,0.25989605811011013,0.25989605724787535
0.091,0.2643492395444967,0.2643492395782399,0.2643492378825324
0.092,0.2688129334694003,0.26881293350359636,0.2688129310386532
0.093,0.27328654900502775,0.273286549039674,0.2732865461288513
0.094,0.27776950261672767,0.27776950265182115,0.2777694997037845
0.095,0.2822612180369677,0.28226121807250537,0.28226121545215566
0.096,0.28676112622050565,0.2867611262564845,0.286761124200712
0.097,0.29126866529947365,0.29126866533589046,0.2912686639142454
0.098,0.29578328053837977,0.2957832805752313,0.29578327969559254
0.099,0.3003044242890337,0.30030442432631665,0.30030442378563466
0.1,0.30483155594540134,0.3048315559831123,0.30483155556329755
0.101,0.30936414189839456,0.30936414193653,0.30936414136339435
0.10200000000000001,0.31390165549060034,0.3139016555291567,0.31390165409479326
0.10300000000000001,0.31844357697095615,0.31844357700992987,0.3184435745331811
0.10400000000000001,0.3229893934493756,0.322989393488763,0.3229893902053036
0.105,0.32753859885132997,0.32753859889112713,0.3275385952410108
0.106,0.332090693872391,0.33209069391259416,0.33209069037325784
0.107,0.33664518593273957,0.33664518597334486,0.3366451829381042
0.108,0.34120158913164567,0.3412015891726491,0.3412015868747143
0.109,0.3457594242019243,0.3457594242433218,0.3457594227253571
0.11,0.350318218464372,0.3503182185061595,0.3503182176354063
0.111,0.3548775057821897,0.35487750582436306,0.35487750535334045
0.112,0.3594368265153951,0.3594368265579502,0.3594368262307425
0.113,0.363995727475231,0.36399572751816345,0.36399572697495336
0.114,0.3685537618785725,0.36855376192187805,0.36855376035646603
0.115,0.3731104893023388,0.37311048934601315,0.3731104865572506
0.116,0.3776654756379139,0.37766547568195263,0.37766547192480976
0.117,0.38221829304557964,0.38221829308997823,0.3822182888524121
0.11800000000000001,0.38676851990896677,0.3867685199537207,0.3867685157790919
0.11900000000000001,0.39131574078952724,0.39131574083463205,0.3913157371896491
0.12,0.39585954638103316,0.39585954642648413,0.3958595436146498
0.121,0.40039953346410473,0.40039953350989727,0.40039953163042535
0.122,0.404935304860773,0.40493530490690244,0.4049353038590732
0.123,0.4094664693890808,0.40946646943554244,0.4094664689684566
0.124,0.41399264181772555,0.4139926418645147,0.4139926416722043
0.125,0.41851344282074826,0.41851344286786013,0.41851344268083984
0.126,0.4230284989322726,0.4230284989797024,0.42302849793811925
0.127,0.42753744250129727,0.4275374425490401,0.4275374401794542
0.128,0.4320399116465463,0.4320399116945972,0.43203990810329496
0.129,0.4365355502113799,0.436535550259734,0.43653554588759275
0.13,0.4410240077187706,0.4410240077674231,0.4410240031898008
0.131,0.44550493932634755,0.4455049393752934,0.4455049351468736
0.132,0.44997800578151226,0.4499780058307464,0.4499780023752675
0.133,0.4544428733766298,0.4544428734261473,0.45444287097094027
0.134,0.45889921390429916,0.458899213954095,0.4588992125093511
0.135,0.46334670461270455,0.46334670466277367,0.4633467040454609
0.136,0.4677850281610529,0.46778502821139023,0.4677850281137319
0.137,0.4722138725750994,0.4722138726256998,0.47221387272812826
0.138,0.4766329312027646,0.4766329312536231,0.4766329311054484
0.139,0.481041902669847,0.48104190272095826,0.48104190144698
0.14,0.4854404908358321,0.48544049088719105,0.4854404882595542
0.14100000000000001,0.48982840474980394,0.48982840480140555,0.4898284010739741
0.14200000000000002,0.49420535860645964,0.4942053586582986,0.4942053543414442
0.14300000000000002,0.4985710717022302,0.4985710717543014,0.49857106743357044
0.14400000000000002,0.5029252683915119,0.50292526844381,0.50292526464236
0.145,0.5072676780430094,0.5072676780955293,0.5072676751802212
0.146,0.5115980349961946,0.5115980350489311,0.5115980331799641
0.147,0.5159160785178825,0.5159160785708303,0.5159160776947996
0.148,0.5202215527589281,0.5202215528120822,0.5202215526983403
0.149,0.524514206711047,0.524514206764402,0.5245142070845998
0.15,0.5287937941637602,0.528793794217311,0.528793794667993
0.151,0.5330600736614687,0.53306007371521,0.5330600736316529
0.152,0.5373128084606575,0.5373128085145843,0.5373128072346236
0.153,0.5415517664872339,0.5415517665413409,0.541551764028472
0.154,0.5457767202939996,0.5457767203482814,0.5457767169485251
0.155,0.5499874470182621,0.5499874470727136,0.5499874433129748
0.156,0.5541837283395855,0.5541837283942015,0.5541837248228767
0.157,0.5583653504376835,0.5583653504924586,0.5583653475621506
0.158,0.5625321039504569,0.562532104005386,0.562532101997581
0.159,0.5666837839321777,0.5666837839872556,0.5666837829788164
0.16,0.570820189811822,0.5708201898670435,0.5708201897383693
0.161,0.5749411253515537,0.5749411254069137,0.574941125891617
0.162,0.5790463986053604,0.5790463986608536,0.5790463994368007
0.163,0.5831358218778446,0.583135821933466,0.5831358226617362
0.164,0.5872092116831714,0.5872092117389157,0.5872092116300871
0.165,0.5912663887041741,0.5912663887600362,0.5912663874968818
0.166,0.5953071777516212,0.5953071778075959,0.5953071755465255
0.167,0.5993314077236442,0.5993314077797266,0.5993314049394677
0.168,0.603338911565331,0.6033389116215158,0.6033389087122037
0.169,0.6073295262284829,0.6073295262847649,0.6073295237772732
0.17,0.6113030926315403,0.6113030926879146,0.6113030909232615
0.171,0.6152594556196768,0.6152594556761383,0.6152594548147985
0.17200000000000001,0.6191984639250637,0.6191984639816074,0.6191984639925592
0.17300000000000001,0.6231199701273068,0.6231199701839276,0.6231199708732639
0.17400000000000002,0.6270238306140563,0.6270238306707491,0.6270238317496777
0.17500000000000002,0.6309099055417919,0.630909905598552,0.630909906789943
0.176,0.6347780587967853,0.6347780588536073,0.634778059545414
0.177,0.6386281579562383,0.6386281580131176,0.6386281577160389
0.178,0.6424600742496025,0.6424600743065341,0.642460073041638
0.179,0.6462736825200784,0.6462736825770574,0.6462736806660294
0.18,0.6500688611862959,0.6500688612433174,0.6500688591370288
0.181,0.6538454922041792,0.6538454922612381,0.653845490406449
0.182,0.6576034610289944,0.657603461086086,0.6576034598301009
0.183,0.6613426565775838,0.6613426566347036,0.6613426561677926
0.184,0.665062971190787,0.6650629712479298,0.6650629715833299
0.185,0.6687643005960476,0.6687643006532088,0.6687643016445162
0.186,0.6724465438702119,0.6724465439273867,0.6724465453231518
0.187,0.6761096034025144,0.6761096034596982,0.6761096049950357
0.188,0.6797533848577566,0.6797533849149446,0.6797533861126845
0.189,0.683377797139676,0.6833777971968635,0.6833777975446209
0.19,0.6869827523545081,0.6869827524116906,0.686982751883567
0.191,0.6905681657747434,0.6905681658319164,0.6905681646964904
0.192,0.6941339558030774,0.694133955860236,0.6941339545180191
0.193,0.6976800439365562,0.6976800439936961,0.6976800428504423
0.194,0.7012063547309197,0.7012063547880363,0.7012063541637107
0.195,0.70471281576514,0.7047128158222288,0.7047128158954354
0.196,0.7081993576061587,0.7081993576632154,0.7081993584508892
0.197,0.7116659137738229,0.7116659138308429,0.7116659152030052
0.198,0.7151124207060188,0.7151124207629977,0.715112422492378
0.199,0.7185388177240073,0.7185388177809409,0.7185388196272635
0.2,0.7219450469979585,0.7219450470548424,0.7219450485607674
0.201,0.7253310535126878,0.7253310535695178,0.7253310543080057
0.202,0.7286967850335943,0.7286967850903658,0.7286967850663836
0.203,0.7320421920727996,0.7320421921295087,0.7320421916012562
0.20400000000000001,0.735367227855492,0.7353672279121344,0.7353672272444696
0.20500000000000002,0.7386718482864715,0.738671848343043,0.7386718478943596
0.20600000000000002,0.7419560119169,0.7419560119733964,0.7419560120157529
0.20700000000000002,0.7452196799112548,0.7452196799676722,0.7452196806399659
0.20800000000000002,0.7484628160144875,0.7484628160708217,0.7484628173648058
0.209,0.7516853865193869,0.7516853865756338,0.7516853883545697
0.21,0.7548873602341479,0.7548873602903038,0.7548873623400453
0.211,0.7580687084501463,0.758068708506207,0.7580687106059388
0.212,0.7612294049099181,0.7612294049658799,0.7612294066240648
0.213,0.764369425775347,0.7643694258312058,0.7643694267801877
0.214,0.7674887495960567,0.7674887496518089,0.7674887499712463
0.215,0.7705873572780119,0.7705873573336535,0.770587357293471
0.216,0.7736652320523235,0.7736652321078509,0.7736652320423842
0.217,0.7767223594442638,0.7767223594996733,0.7767223597128007
0.218,0.7797587272424875,0.7797587272977752,0.7797587279988267
0.219,0.7827743254684602,0.7827743255236222,0.7827743267938608
0.22,0.7857691463460943,0.7857691464011274,0.7857691481905934
0.221,0.7887431842715944,0.7887431843264948,0.788743186481007
0.222,0.7916964357835078,0.7916964358382718,0.791696438156376
0.223,0.7946288995329845,0.7946288995876087,0.7946289018031714
0.224,0.7975405762542452,0.7975405763087261,0.7975405779859843
0.225,0.8004314687352561,0.8004314687895902,0.8004314698386803
0.226,0.8033015817886119,0.803301581842796,0.8033015824239478
0.227,0.8061509222226277,0.8061509222766584,0.8061509226690599
0.228,0.8089794988126373,0.8089794988665114,0.8089794993658737
0.229,0.8117873222725,0.8117873223262141,0.8117873231708305
0.23,0.8145744052263142,0.8145744052798651,0.8145744066049565
0.231,0.8173407621803402,0.8173407622337249,0.8173407640538616
0.232,0.8200864094951287,0.8200864095483438,0.8200864117677403
0.233,0.822811365357857,0.8228113654108993,0.8228113678613712
0.234,0.8255156497548731,0.8255156498077396,0.8255156523088438
0.23500000000000001,0.8281992844444456,0.8281992844971333,0.8281992866636374
0.23600000000000002,0.830862292929721,0.8308622929822269,0.8308622945906516
0.23700000000000002,0.8335047004318875,0.8335047004842087,0.8335047015966064
0.23800000000000002,0.8361265338635446,0.8361265339156783,0.8361265347489717
0.23900000000000002,0.838727821802279,0.8387278218542222,0.8387278226759675
0.24,0.8413085944644467,0.8413085945161966,0.8413085955665626
0.241,0.8438688836791592,0.843868883730713,0.8438688851704764
0.242,0.8464087228624765,0.8464087229138313,0.8464087247981777
0.243,0.8489281469918036,0.8489281470429568,0.8489281493208852
0.244,0.8514271925804926,0.8514271926314414,0.851427195170567
0.245,0.8539058976526477,0.8539058977033896,0.853905900339941
0.246,0.8563643017181353,0.856364301768668,0.8563643042381632
0.247,0.8588024457477968,0.8588024457981175,0.8588024478010726
0.248,0.8612203721488642,0.8612203721989703,0.8612203737242813
0.249,0.8636181247405786,0.8636181247904677,0.863618126000189
0.25,0.8659957487300115,0.8659957487796809,0.8659957499073029
0.251,0.868353290688086,0.8683532907375335,0.8683532920102359
0.252,0.8706907985258014,0.8706907985750248,0.8706908001597082
0.253,0.8730083214706579,0.8730083215196549,0.8730083234925464
0.254,0.8753059100432806,0.8753059100920489,0.875305912431683
0.255,0.877583616034245,0.8775836160827822,0.8775836186861579
0.256,0.8798414924811001,0.879841492529404,0.879841495251117
0.257,0.8820795936455921,0.8820795936936607,0.8820795963377436
0.258,0.8842979749910853,0.8842979750389165,0.8842979773002203
0.259,0.8864966931601808,0.8864966932077725,0.8864966950307163
0.26,0.8886758059525327,0.8886758059998827,0.8886758075054813
0.261,0.890835372302861,0.8908353723499672,0.8908353737397133
0.262,0.89297545225916,0.8929754523060206,0.8929754537875589
0.263,0.8950961069611029,0.8950961070077159,0.8950961087421118
0.264,0.8971973986186408,0.8971973986650044,0.8971974007354145
0.265,0.8992793904907959,0.8992793905369082,0.8992793929384574
0.266,0.9013421468646485,0.9013421469105078,0.9013421495611786
0.267,0.9033857330345172,0.9033857330801219,0.9033857358524651
0.268,0.9054102152813313,0.9054102153266793,0.9054102180611454
0.269,0.9074156608521939,0.9074156608972838,0.9074156633123556
0.27,0.9094021379401385,0.9094021379849684,0.9094021400065546
0.271,0.9113697156640729,0.9113697157086416,0.9113697174313335
0.272,0.9133184640489156,0.9133184640932213,0.9133184656918503
0.273,0.915248454005919,0.9152484540499602,0.9152484557108311
0.274,0.9171597573131823,0.9171597573569575,0.9171597592285698
0.275,0.9190524465963511,0.9190524466398589,0.9190524488029279
0.276,0.9209265953095047,0.9209265953527436,0.9209265978093345
0.277,0.9227822777162284,0.922782277759197,0.9227822804407868
0.278,0.9246195688708729,0.9246195689135699,0.9246195717078498
0.279,0.9264385445999964,0.9264385446424204,0.9264385474103798
0.28,0.928239281483992,0.9282392815261417,0.9282392840167618
0.281,0.9300218568388977,0.9300218568807719,0.9300218590213873
0.28200000000000003,0.9317863486983892,0.9317863487399867,0.9317863506109226
0.28300000000000003,0.9335328357959534,0.9335328358372731,0.9335328375923111
0.28400000000000003,0.9352613975472441,0.935261397588285,0.9352613993927734
0.28500000000000003,0.9369721140326165,0.9369721140733773,0.9369721160598082
0.28600000000000003,0.9386650659798413,0.938665066020321,0.9386650682611908
0.28700000000000003,0.9403403347469981,0.9403403347871956,0.9403403372849743
0.28800000000000003,0.941998002305545,0.9419980023454594,0.9419980050394895
0.289,0.9436381512235661,0.9436381512631962,0.9436381540533435
0.29,0.9452608646491947,0.9452608646885399,0.9452608674476648
0.291,0.9468662262942117,0.9468662263332711,0.9468662288410343
0.292,0.9484543204178184,0.9484543204565911,0.9484543226546426
0.293,0.9500252318105825,0.9500252318490677,0.9500252338118237
0.294,0.9515790457785571,0.951579045816754,0.9515790476813335
0.295,0.9531158481275716,0.9531158481654793,0.953115850077349
0.296,0.9546357251476928,0.9546357251853109,0.9546357272594681
0.297,0.956138763597858,0.9561387636351858,0.956138765932711
0.298,0.9576250506906749,0.9576250507277114,0.9576250532475178
0.299,0.9590946740773914,0.9590946741141362,0.9590946767997512
0.3,0.9605477218330327,0.9605477218694851,0.9605477246306945
0.301,0.9619842824417052,0.9619842824778648,0.9619842851934646
0.302,0.9634044447820652,0.9634044448179314,0.9634044472991729
0.303,0.9648082981129535,0.964808298148526,0.9648083003577187
0.304,0.9661959320591942,0.9661959320944722,0.9661959341046461
0.305,0.9675674365975545,0.9675674366325379,0.9675674385668865
0.306,0.9689229020428701,0.9689229020775583,0.9689229040627592
0.307,0.9702624190343284,0.9702624190687211,0.9702624212019706
0.308,0.9715860785219148,0.9715860785560115,0.971586080885615
0.309,0.9728939717530166,0.972893971786817,0.972893974306174
0.31,0.9741861902591866,0.9741861902926906,0.974186192947517
0.311,0.9754628258430644,0.9754628258762718,0.9754628285849004
0.312,0.9767239705654533,0.9767239705983638,0.9767239732410418
0.313,0.9779697167325544,0.9779697167651678,0.9779697191877051
0.314,0.9792001568833544,0.9792001569156706,0.9792001591021721
0.315,0.9804153837771689,0.9804153838091877,0.9804153858326978
0.316,0.9816154903813366,0.981615490413058,0.9816154923841546
0.317,0.982800569859068,0.982800569890492,0.9828005719180312
0.318,0.983970715557444,0.9839707155885705,0.983970717752434
0.319,0.985126020995564,0.985126021026393,0.9851260233620861
0.32,0.9862665798528455,0.986266579883377,0.986266582378327
0.321,0.9873924859574701,0.987392485987704,0.9873924885891141
0.322,0.9885038332749781,0.9885038333049148,0.988503835939021
0.323,0.9896007158970094,0.9896007159266487,0.9896007184724036
0.324,0.9906832280301894,0.9906832280595315,0.9906832304005755
0.325,0.9917514639851602,0.9917514640142054,0.9917514661540079
0.326,0.992805518165756,0.9928055181945044,0.9928055202054281
0.327,0.9938454850583195,0.9938454850867713,0.993845487067174
0.328,0.9948714592211617,0.994871459249317,0.9948714612911944
0.329,0.9958835352741623,0.9958835353020213,0.9958835374690472
0.33,0.9968818078885093,0.9968818079160724,0.9968818102319019
0.331,0.9978663717765787,0.9978663718038461,0.9978663742505374
0.332,0.9988373216819507,0.9988373217089228,0.9988373242353434
0.333,0.9997947523695652,0.9997947523962424,0.9997947549361532
0.334,1.0007387586160108,1.0007387586423935,1.00073876107333
0.335,1.0016694351999513,1.00166943522604,1.0016694374705466
0.336,1.0025868768926853,1.00258687691848,1.0025868789949806
0.337,1.0034911784488385,1.00349117847434,1.003491180452744
0.338,1.0043824345971901,1.004382434622399,1.0043824365888832
0.339,1.0052607400316291,1.005260740056546,1.0052607420873778
0.34,1.0061261894022424,1.0061261894268676,1.0061261915711421
0.341,1.00697887730653,1.006978877330864,1.0069788796020245
0.342,1.0078188982807519,1.0078188983047953,1.0078189006808067
0.343,1.0086463467913998,1.0086463468151532,1.0086463492472055
0.34400000000000003,1.009461317226798,1.0094613172502622,1.0094613196752371
0.34500000000000003,1.0102639038888284,1.0102639039120036,1.010263906216557
0.34600000000000003,1.0110542009847792,1.0110542010076662,1.0110542031467
0.34700000000000003,1.0118323026193208,1.0118323026419205,1.0118323046437347
0.34800000000000003,1.0125983027866021,1.012598302808915,1.0125983047389546
0.34900000000000003,1.0133522953624687,1.0133522953844956,1.0133522973168774
0.35000000000000003,1.0140943740968034,1.0140943741185449,1.0140943761152437
0.35100000000000003,1.0148246326059862,1.0148246326274428,1.0148246347250198
0.352,1.0155431643654722,1.015543164386645,1.0155431665903947
0.353,1.0162500627024904,1.0162500627233804,1.0162500650087825
0.354,1.0169454207888575,1.0169454208094655,1.0169454231308204
0.355,1.017629331633909,1.0176293316542353,1.0176293339481275
0.356,1.0183018880775443,1.01830188809759,1.0183018902699401
0.357,1.0189631827833894,1.0189631828031556,1.0189631848322067
0.358,1.01961330823207,1.0196133082515573,1.0196133101706761
0.359,1.0202523567145982,1.0202523567338078,1.0202523586022862
0.36,1.0208804203258721,1.0208804203448045,1.0208804222251635
0.361,1.0214975909582837,1.0214975909769402,1.021497592918624
0.362,1.0221039602954398,1.0221039603138211,1.0221039623431727
0.363,1.0226996198059886,1.0226996198240959,1.0226996219405031
0.364,1.0232846607375572,1.0232846607553914,1.023284662933498
0.365,1.0238591741107936,1.0238591741283558,1.0238591763262297
0.366,1.0244232507135174,1.0244232507308082,1.0244232528847137
0.367,1.0249769810949727,1.0249769811119935,1.024976983150837
0.368,1.02552045556019,1.0255204555769415,1.025520457494347
0.369,1.0260537641644454,1.026053764180929,1.0260537660113385
0.37,1.0265769967078286,1.0265769967240452,1.026576998519517
0.371,1.027090242729908,1.0270902427458586,1.0270902445582006
0.372,1.0275935915044987,1.0275935915201844,1.0275935933883198
0.373,1.0280871320345295,1.0280871320499516,1.0280871339924165
0.374,1.0285709530470102,1.02857095306217,1.028570955074644
0.375,1.0290451429880954,1.0290451430029939,1.029045145060769
0.376,1.0295097900182462,1.0295097900328842,1.0295097920981684
0.377,1.0299649820074877,1.0299649820218666,1.0299649840328804
0.378,1.0304108065307633,1.0304108065448845,1.0304108084519714
0.379,1.0308473508633824,1.0308473508772469,1.0308473526829378
0.38,1.0312747019765613,1.0312747019901702,1.0312747037270253
0.381,1.0316929465330584,1.031692946546413,1.0316929482588315
0.382,1.0321021708829001,1.0321021708960016,1.0321021726263044
0.383,1.0325024610591986,1.0325024610720483,1.032502462850744
0.384,1.032893902774059,1.0328939027866582,1.0328939046268006
0.385,1.0332765814145766,1.0332765814269265,1.0332765833224764
0.386,1.0336505820389226,1.0336505820510247,1.0336505839791243
0.387,1.0340159893725163,1.0340159893843717,1.0340159913113367
0.388,1.0343728878042862,1.0343728878158962,1.0343728896853341
0.389,1.0347213613830144,1.0347213613943802,1.0347213631731862
0.39,1.0350614938137686,1.0350614938248917,1.0350614955196036
0.391,1.0353933684544163,1.035393368465298,1.0353933701046367
0.392,1.0357170683122248,1.0357170683228663,1.0357170699436775
0.393,1.03603267604054,1.036032676050943,1.0360326776874575
0.394,1.036340273935552,1.0363402739457177,1.0363402756220501
0.395,1.0366399439331364,1.036639943943066,1.0366399456688677
0.396,1.0369317676057799,1.0369317676154746,1.0369317693846647
0.397,1.0372158261595823,1.0372158261690438,1.0372158279615356
0.398,1.0374922004313392,1.0374922004405687,1.0374922022263195
0.399,1.0377609708857003,1.0377609708946993,1.0377609726263337
0.4,1.0380222176124065,1.0380222176211766,1.0380222192759314
0.401,1.0382760203236012,1.0382760203321433,1.0382760219171028
0.402,1.0385224583512178,1.0385224583595338,1.038522459898427
0.403,1.0387616106444422,1.0387616106525333,1.0387616121750718
0.404,1.0389935557672476,1.038993555775115,1.0389935573087938
0.405,1.039218371896003,1.0392183719036487,1.0392183734679383
0.406,1.0394361368171545,1.0394361368245797,1.0394361384274402
0.40700000000000003,1.0396469279249752,1.0396469279321812,1.0396469295688222
0.40800000000000003,1.0398508222193892,1.0398508222263774,1.0398508238801971
0.40900000000000003,1.040047896303862,1.0400478963106343,1.0400478979556955
0.41000000000000003,1.0402382263833634,1.0402382263899208,1.0402382279884956
0.41100000000000003,1.0404218882623943,1.0404218882687384,1.0404218898038171
0.41200000000000003,1.0405989573430854,1.0405989573492176,1.0405989588261717
0.41300000000000003,1.0407695086233588,1.0407695086292807,1.0407695100662486
0.41400000000000003,1.0409336166951584,1.0409336167008714,1.0409336181209163
0.41500000000000004,1.041091355742743,1.041091355748249,1.0410913571732212
0.41600000000000004,1.0412427995410474,1.0412427995463474,1.0412428009923873
0.417,1.0413880214541014,1.041388021459197,1.0413880229338177
0.418,1.0415270944335187,1.0415270944384114,1.0415270959390928
0.419,1.0416600910170417,1.0416600910217335,1.0416600925359722
0.42,1.0417870833271536,1.0417870833316456,1.041787084838227
0.421,1.0419081430697452,1.041908143074039,1.0419081445440708
0.422,1.0420233415328473,1.0420233415369442,1.0420233429564238
0.423,1.0421327495854182,1.04213274958932,1.0421327509606468
0.424,1.0422364376761937,1.0422364376799018,1.0422364390153624
0.425,1.04233447583259,1.0423344758361062,1.042334477152457
0.426,1.04242693365967,1.0424269336629952,1.042426934977079
0.427,1.04251388033916,1.0425138803422962,1.0425138816676398
0.428,1.0425953846285265,1.042595384631475,1.0425953859758144
0.429,1.0426715148601062,1.042671514862869,1.0426715162265399
0.43,1.0427423389402912,1.0427423389428694,1.0427423403180167
0.431,1.042807924348767,1.0428079243511623,1.0428079257217073
0.432,1.0428683381378043,1.0428683381400181,1.0428683394847305
0.433,1.0429236469316037,1.0429236469336376,1.0429236482406714
0.434,1.0429739169256904,1.042973916927546,1.0429739181960558
0.435,1.0430192138863619,1.0430192138880408,1.0430192151244755
0.436,1.0430596031501844,1.043059603151688,1.0430596043665898
0.437,1.043095149623541,1.0430951496248708,1.0430951508301245
0.438,1.0431259177822256,1.0431259177833834,1.0431259189898727
0.439,1.0431519716710895,1.0431519716720765,1.0431519728876948
0.44,1.0431733749037326,1.0431733749045504,1.0431733761325173
0.441,1.043190190662242,1.0431901906628926,1.0431901919003344
0.442,1.04320248169698,1.0432024816974648,1.043202482934207
0.443,1.0432103103264136,1.0432103103267338,1.0432103115471614
0.444,1.0432137384369928,1.04321373843715,1.0432137396327705
0.445,1.0432128274830714,1.0432128274830674,1.0432128286509235
0.446,1.0432076384868736,1.04320763848671,1.0432076396279795
0.447,1.0431982320385023,1.0431982320381803,1.0431982331571796
0.448,1.0431846682959907,1.043184668295512,1.043184669398649
0.449,1.0431670069853969,1.0431670069847632,1.0431670080793933
0.45,1.0431453074009394,1.043145307400152,1.0431453084933018
0.451,1.0431196284051727,1.0431196284042332,1.0431196295011456
0.452,1.0430900284292055,1.0430900284281155,1.0430900295305785
0.453,1.0430565654729564,1.0430565654717177,1.0430565665761367
0.454,1.0430192971054504,1.043019297104064,1.0430192981995843
0.455,1.0429782804651526,1.0429782804636205,1.042978281545059
0.456,1.0429335722603423,1.042933572258666,1.0429335733247274
0.457,1.0428852287695214,1.042885228767702,1.042885229816353
0.458,1.0428333058418624,1.0428333058399015,1.0428333068697768
0.459,1.0427778588976915,1.042777858895591,1.0427778599069173
0.46,1.0427189429290076,1.0427189429267687,1.0427189439217701
0.461,1.0426566125000367,1.0426566124976613,1.0426566134804078
0.462,1.0425909217478218,1.042590921745311,1.0425909227209806
0.463,1.042521924382844,1.0425219243802,1.0425219253537157
0.464,1.0424496736896824,1.042449673686906,1.0424496746609178
0.465,1.0423742225277008,1.0423742225247938,1.0423742234969684
0.466,1.0422956233317726,1.0422956233287362,1.0422956242910297
0.467,1.0422139281130334,1.0422139281098692,1.0422139290675732
0.468,1.042129188459668,1.042129188456378,1.042129189411135
0.46900000000000003,1.0420414555377275,1.042041455534313,1.0420414564823348
0.47000000000000003,1.0419507800919756,1.0419507800884378,1.0419507810240154
0.47100000000000003,1.0418572124467664,1.0418572124431071,1.0418572133612456
0.47200000000000003,1.0417608025069514,1.0417608025031717,1.041760803401318
0.47300000000000003,1.041661599758814,1.0416615997549157,1.0416616006337505
0.47400000000000003,1.0415596532710347,1.0415596532670193,1.0415596541302858
0.47500000000000003,1.0414550116956827,1.0414550116915515,1.041455012544891
0.47600000000000003,1.041347723269235,1.0413477232649895,1.0413477241137583
0.47700000000000004,1.0412378358136227,1.0412378358092644,1.0412378366553043
0.47800000000000004,1.0411253967373042,1.0411253967328344,1.0411253975706833
0.47900000000000004,1.0410104530363637,1.041010453031784,1.0410104538719447
0.48,1.0408930512956356,1.0408930512909478,1.040893052143305
0.481,1.0407732376898542,1.0407732376850594,1.040773238546856
0.482,1.0406510579848272,1.0406510579799264,1.040651058841733
0.483,1.0405265575386329,1.0405265575336282,1.040526558384117
0.484,1.0403997813028445,1.040399781297737,1.0403997821272326
0.485,1.0402707738237722,1.0402707738185633,1.0402707746213493
0.486,1.0401395792437325,1.0401395792384238,1.0401395800137807
0.487,1.0400062413023379,1.0400062412969309,1.0400062420488854
0.488,1.0398708033378088,1.0398708033323047,1.0398708040680664
0.489,1.0397333082883062,1.0397333082827065,1.0397333090097707
0.49,1.039593798693287,1.039593798687593,1.0395937994094904
0.491,1.0394523166948781,1.039452316689091,1.039452317404072
0.492,1.0393089040392718,1.039308904033393,1.0393089047667252
0.493,1.0391636020781403,1.0391636020721713,1.0391636028364437
0.494,1.03901645177007,1.0390164517640121,1.039016452554329
0.495,1.0388674936820144,1.0388674936758693,1.0388674944776635
0.496,1.0387167679907654,1.0387167679845342,1.038716768779909
0.497,1.0385643144844432,1.0385643144781274,1.0385643152507087
0.498,1.0384101725640027,1.0384101725576036,1.0384101732958853
0.499,1.0382543812447589,1.038254381238278,1.0382543819374421
0.5,1.0380969791579278,1.0380969791513661,1.0380969798135629
0.501,1.037938004552184,1.037938004545543,1.0379380051786116
0.502,1.0377774952952352,1.0377774952885164,1.0377774959031325
0.503,1.0376154888754112,1.037615488868616,1.0376154894738503
0.504,1.03745202240327,1.0374520223963994,1.0374520229936697
0.505,1.0372871326132165,1.037287132606272,1.037287133220237
0.506,1.0371208558651381,1.037120855858121,1.037120856521615
0.507,1.0369532281460532,1.0369532281389646,1.0369532288561207
0.508,1.036784285071774,1.0367842850646152,1.0367842858213574
0.509,1.0366140618885817,1.0366140618813542,1.0366140626542162
0.51,1.0364425934749182,1.0364425934676231,1.0364425942308761
0.511,1.0362699143430858,1.0362699143357244,1.0362699150668047
0.512,1.0360960586409633,1.036096058633537,1.0360960593167574
0.513,1.0359210601537323,1.0359210601462423,1.0359210607747773
0.514,1.035744952305616,1.035744952298063,1.0357449528741964
0.515,1.0355677681616278,1.0355677681540136,1.0355677686876343
0.516,1.0353895404293345,1.0353895404216602,1.0353895409269986
0.517,1.0352103014606266,1.0352103014528933,1.0352103019434853
0.518,1.0350300832535007,1.0350300832457098,1.0350300837275783
0.519,1.034848917453852,1.0348489174460047,1.034848917950785
0.52,1.0346668353572768,1.0346668353493744,1.0346668359281097
0.521,1.0344838679108836,1.0344838679029271,1.0344838685681554
0.522,1.0343000457151137,1.0343000457071048,1.0343000464451917
0.523,1.0341153990255718,1.0341153990175111,1.0341153997995565
0.524,1.0339299577548628,1.0339299577467516,1.033929958537654
0.525,1.0337437514744394,1.0337437514662788,1.0337437522319557
0.526,1.033556809416456,1.0335568094082472,1.0335568101210002
0.527,1.0333691604756303,1.0333691604673745,1.0333691611093934
0.528,1.0331808332111134,1.0331808332028118,1.033180833767808
0.529,1.0329918558483662,1.0329918558400197,1.0329918563329838
0.53,1.0328022562810415,1.0328022562726513,1.032802256707728
0.531,1.0326120620728756,1.032612062064443,1.032612062460915
0.532,1.0324213004595824,1.0324213004511085,1.0324213008274858
0.533,1.0322299983507568,1.0322299983422425,1.032229998708449
0.534,1.0320381823317808,1.0320381823232274,1.0320381827309266
0.535,1.031845878665738,1.0318458786571467,1.0318458791772642
0.536,1.0316531132953308,1.0316531132867024,1.0316531139406493
0.537,1.0314599118448036,1.0314599118361392,1.0314599126105373
0.538,1.03126629962187,1.0312662996131707,1.0312663004727156
0.539,1.0310723016196455,1.0310723016109125,1.031072302509303
0.54,1.0308779425185832,1.0308779425098173,1.0308779433987498
0.541,1.0306832466884142,1.0306832466796165,1.0306832475158387
0.542,1.03048823819009,1.0304882381812617,1.0304882389316834
0.543,1.0302929407777304,1.0302929407688723,1.0302929414137292
0.544,1.0300973779005735,1.0300973778916869,1.0300973784257539
0.545,1.0299015727049283,1.0299015726960141,1.029901573127866
0.546,1.0297055480361306,1.0297055480271897,1.029705548376506
0.547,1.0295093264405004,1.029509326431534,1.0295093267244468
0.548,1.0293129301673032,1.0293129301583122,1.0293129304207917
0.549,1.029116381170711,1.0291163811616961,1.0291163814109767
0.55,1.0289197011117666,1.0289197011027291,1.0289197014049698
0.551,1.02872291136035,1.0287229113512908,1.0287229118201442
0.552,1.0285260329971437,1.0285260329880637,1.028526033670977
0.553,1.0283290868156012,1.0283290868065014,1.0283290877007987
0.554,1.0281320933239164,1.0281320933147977,1.028132094383143
0.555,1.0279350727469918,1.0279350727378553,1.0279350739217459
0.556,1.0277380450284095,1.0277380450192557,1.027738046250546
0.557,1.0275410298324001,1.0275410298232304,1.0275410310336843
0.558,1.0273440465458148,1.0273440465366297,1.027344047665504
0.559,1.0271471142800934,1.0271471142708941,1.0271471152705514
0.56,1.026950251873236,1.0269502518640232,1.0269502527035745
0.561,1.026753477891771,1.0267534778825458,1.0267534785495243
0.562,1.026556810632724,1.0265568106234872,1.0265568111235543
0.5630000000000001,1.0263602681255863,1.0263602681163386,1.02636026847102
0.5640000000000001,1.0261638681342804,1.0261638681250225,1.0261638683674799
0.5650000000000001,1.0259676281591255,1.0259676281498584,1.025967628318695
0.5660000000000001,1.0257715654388024,1.025771565429527,1.025771565560628
0.5670000000000001,1.0255756969523153,1.0255756969430325,1.0255756970612866
0.5680000000000001,1.0253800394209522,1.025380039411663,1.0253800396819641
0.5690000000000001,1.0251846093102444,1.0251846093009493,1.025184609906803
0.5700000000000001,1.0249894228319214,1.0249894228226213,1.0249894238525408
0.5710000000000001,1.0247944959458668,1.0247944959365625,1.0247944974047842
0.5720000000000001,1.0245998443620694,1.024599844352762,1.02459984621801
0.5730000000000001,1.024405483542573,1.024405483533263,1.0244054857155624
0.5740000000000001,1.024211428703422,1.0242114286941102,1.0242114310896566
0.5750000000000001,1.0240176948166055,1.0240176948072925,1.024017697301376
0.5760000000000001,1.0238242966119981,1.0238242966026847,1.0238242990806732
0.577,1.0236312485792962,1.0236312485699834,1.0236312509263703
0.578,1.0234385649699533,1.0234385649606417,1.0234385671061588
0.579,1.0232462597991099,1.0232462597898002,1.0232462616565985
0.58,1.0230543468475195,1.0230543468382123,1.0230543483831198
0.581,1.022862839663473,1.022862839654169,1.0228628408600209
0.582,1.0226717515647166,1.022671751555417,1.02267175243047
0.583,1.022481095640368,1.0224810956310733,1.0224810962065043
0.584,1.0222908847528265,1.0222908847435372,1.0222908850690302
0.585,1.0221011315396795,1.0221011315303965,1.0221011316678235
0.586,1.021911848415605,1.021911848406329,1.0219118484215286
0.587,1.0217230475742685,1.021723047565,1.0217230475176597
0.588,1.0215347409902167,1.0215347409809565,1.0215347409172486
0.589,1.021346940420765,1.0213469404115136,1.0213469404882438
0.59,1.0211596574078798,1.0211596573986383,1.02115965775851
0.591,1.0209729032800583,1.020972903270827,1.0209729039759061
0.592,1.0207866891541995,1.020786689144979,1.0207866901953642
0.593,1.0206010259374727,1.0206010259282638,1.0206010272788906
0.594,1.0204159243291793,1.0204159243199828,1.0204159258955658
0.595,1.02023139482261,1.020231394813426,1.020231396521544
0.596,1.0200474477068944,1.020047447697724,1.020047449440054
0.597,1.0198640930688478,1.0198640930596916,1.0198640947413975
0.598,1.0196813407948102,1.0196813407856684,1.0196813423229514
0.599,1.0194992005724792,1.0194992005633527,1.0194992018891653
0.6,1.019317681892738,1.0193176818836274,1.0193176829515644
0.601,1.0191367940514773,1.0191367940423828,1.0191367948287464
0.602,1.0189565461514087,1.0189565461423313,1.0189565466463837
0.603,1.0187769471038766,1.0187769470948167,1.0187769473372226
0.604,1.0185980056306574,1.0185980056216155,1.0185980056410833
0.605,1.0184197302657576,1.018419730256734,1.0184197301048603
0.606,1.018242129357202,1.0182421293481976,1.0182421290825214
0.607,1.0180652110688175,1.0180652110598327,1.0180652107351094
0.608,1.0178889833820088,1.0178889833730438,1.017888983042299
0.609,1.0177134540975263,1.0177134540885822,1.0177134539097885
0.61,1.0175386308372305,1.0175386308283074,1.017538630920891
0.611,1.0173645210458455,1.017364521036944,1.01736452144839
0.612,1.017191131992708,1.0171911319838287,1.01719113270675
0.613,1.0170184707735086,1.017018470764652,1.0170184717521162
0.614,1.0168465443120251,1.0168465443031915,1.0168465454823146
0.615,1.0166753593618496,1.0166753593530395,1.0166753606368517
0.616,1.0165049225081073,1.0165049224993212,1.0165049237969148
0.617,1.0163352401691683,1.0163352401604069,1.0163352413853723
0.618,1.016166318598353,1.0161663185896164,1.0161663196667736
0.619,1.0159981638856275,1.0159981638769162,1.0159981647473477
0.62,1.0158307819592935,1.015830781950608,1.0158307825750057
0.621,1.0156641785876699,1.0156641785790108,1.0156641789393386
0.622,1.0154983593807667,1.015498359372134,1.0154983594716185
0.623,1.0153333297919505,1.0153333297833447,1.0153333296447984
0.624,1.0151690951196026,1.0151690951110244,1.0151690947735117
0.625,1.0150056605087707,1.0150056605002205,1.0150056600140729
0.626,1.0148430309528094,1.0148430309442875,1.0148430303644773
0.627,1.0146812112950157,1.0146812112865222,1.0146812106644005
0.628,1.0145202062302545,1.0145202062217904,1.0145202056271476
0.629,1.0143600203065781,1.0143600202981433,1.0143600198454725
0.63,1.0142006579268348,1.0142006579184297,1.0142006576651703
0.631,1.0140421233502708,1.014042123341896,1.0140421232971422
0.632,1.0138844206941255,1.013884420685781,1.0138844208237734
0.633,1.0137275539352149,1.0137275539269015,1.013727554198934
0.634,1.0135715269115095,1.0135715269032273,1.0135715272479773
0.635,1.0134163433237031,1.0134163433154522,1.013416343667742
0.636,1.0132620067367726,1.0132620067285536,1.0132620070265506
0.637,1.0131085205815302,1.0131085205733434,1.0131085207642097
0.638,1.0129558881561664,1.0129558881480123,1.0129558881920104
0.639,1.0128041126277854,1.0128041126196639,1.0128041124927278
0.64,1.0126531970339308,1.0126531970258426,1.012653196720622
0.641,1.0125031442841037,1.012503144276049,1.0125031438014365
0.642,1.012353957161272,1.012353957153251,1.0123539565323991
0.643,1.0122056383233706,1.0122056383153835,1.0122056375822228
0.644,1.0120581903047932,1.0120581902968402,1.012058189491104
0.645,1.0119116155178756,1.0119116155099572,1.0119116146707237
0.646,1.0117659162543708,1.0117659162464874,1.0117659154282155
0.647,1.0116210946869137,1.0116210946790656,1.0116210939723147
0.648,1.011477152870479,1.011477152862666,1.0114771523112565
0.649,1.011334092743828,1.0113340927360506,1.0113340923443035
0.65,1.0111919161309502,1.0111919161232088,1.0111919158675275
0.651,1.011050624742492,1.0110506247347868,1.0110506245738096
0.652,1.0109102201771794,1.0109102201695106,1.0109102200528397
0.653,1.0107707039232308,1.0107707039155986,1.0107707037911169
0.654,1.0106320773597606,1.0106320773521653,1.010632077171949
0.655,1.010494341758175,1.0104943417506167,1.0104943414754537
0.656,1.0103574982835575,1.0103574982760366,1.0103574978785568
0.657,1.0102215479960472,1.0102215479885637,1.0102215474549945
0.658,1.0100864918522063,1.0100864918447603,1.0100864911753105
0.659,1.0099523307063805,1.0099523306989722,1.0099523299068587
0.66,1.0098190653120482,1.0098190653046784,1.0098190644138019
0.661,1.0096866963231643,1.0096866963158326,1.0096866953571118
0.662,1.0095552242954906,1.0095552242881973,1.009555223294569
0.663,1.0094246496879207,1.009424649680666,1.0094246486893108
0.664,1.0092949728637945,1.0092949728565785,1.0092949719452518
0.665,1.009166194092204,1.009166194085027,1.0091661932996476
0.666,1.0090383135492895,1.0090383135421517,1.0090383128923015
0.667,1.0089113313195286,1.0089113313124298,1.0089113307817688
0.668,1.0087852473970136,1.0087852473899543,1.0087852469453564
0.669,1.0086600616867223,1.0086600616797026,1.0086600612791252
0.67,1.0085357740057788,1.0085357739987988,1.008535773597887
0.671,1.0084123840847043,1.0084123840777641,1.008412383635207
0.672,1.0082898915686616,1.0082898915617615,1.0082898910434033
0.673,1.0081682960186877,1.0081682960118277,1.0081682953935447
0.674,1.0080475969129195,1.0080475969060996,1.0080475961754543
0.675,1.0079277936478088,1.0079277936410291,1.0079277927977064
0.676,1.0078088855393308,1.0078088855325917,1.0078088845876287
0.677,1.0076908718241806,1.007690871817482,1.0076908707913006
0.678,1.0075737516609635,1.0075737516543055,1.0075737505735545
0.679,1.0074575241313741,1.0074575241247568,1.007457523017975
0.68,1.007342188241368,1.0073421882347917,1.0073421871383288
0.681,1.0072277429223249,1.0072277429157892,1.0072277418968403
0.682,1.0071141870321998,1.0071141870257052,1.0071141861193516
0.683,1.0070015193566697,1.0070015193502164,1.0070015185611503
0.684,1.0068897386102682,1.006889738603856,1.0068897379153567
0.685,1.0067788434375122,1.0067788434311413,1.0067788428129223
0.686,1.0066688324140194,1.0066688324076896,1.0066688318226313
0.687,1.0065597040476175,1.0065597040413294,1.0065597034510994
0.6880000000000001,1.0064514567794451,1.0064514567731986,1.0064514561427744
0.6890000000000001,1.0063440889850421,1.0063440889788369,1.0063440882799364
0.6900000000000001,1.0062375989754317,1.006237598969268,1.006237598182697
0.6910000000000001,1.0061319849981953,1.0061319849920733,1.006131984109
0.6920000000000001,1.006027245238537,1.0060272452324568,1.0060272442546214
0.6930000000000001,1.0059233778203394,1.0059233778143006,1.005923376753169
0.6940000000000001,1.0058203808072108,1.0058203808012136,1.0058203796760823
0.6950000000000001,1.0057182522035246,1.0057182521975694,1.0057182510326337
0.6960000000000001,1.0056169899554495,1.0056169899495357,1.0056169887699262
0.6970000000000001,1.0055165919519689,1.005516591946097,1.0055165907942767
0.6980000000000001,1.0054170560258964,1.0054170560200661,1.0054170549499017
0.6990000000000001,1.005318379954877,1.0053183799490886,1.0053183789825555
0.7000000000000001,1.0052205614623844,1.0052205614566379,1.0052205605915787
0.7010000000000001,1.005123598218707,1.0051235982130022,1.005123597430661
0.7020000000000001,1.0050274878419259,1.0050274878362628,1.0050274871078406
0.7030000000000001,1.0049322278988848,1.0049322278932638,1.0049322271855052
0.704,1.0048378159061515,1.0048378159005722,1.0048378151803903
0.705,1.00474424933097,1.0047442493254324,1.0047442485635811
0.706,1.004651525592204,1.0046515255867081,1.0046515247605114
0.707,1.0045596420612741,1.00455964205582,1.0045596411509639
0.708,1.0044685960630844,1.004468596057672,1.0044685950690702
0.709,1.0043783848769403,1.0043783848715697,1.0043783838033105
0.71,1.0042890057374605,1.0042890057321319,1.0042890045965138
0.711,1.0042004558354787,1.0042004558301916,1.0042004546458587
0.712,1.0041127323189363,1.004112732313691,1.004112731102872
0.713,1.0040258322937694,1.0040258322885656,1.0040258310745585
0.714,1.0039397528247853,1.003939752819623,1.0039397516514512
0.715,1.0038544909365315,1.0038544909314109,1.0038544898462105
0.716,1.0037700436141568,1.0037700436090777,1.0037700426181817
0.717,1.0036864078042633,1.0036864077992258,1.0036864068952385
0.718,1.0036035804157522,1.003603580410756,1.0036035795737828
0.719,1.0035215583206578,1.003521558315703,1.0035215575187444
0.72,1.003440338354979,1.0034403383500656,1.0034403375635812
0.721,1.0033599173194965,1.0033599173146244,1.0033599165102791
0.722,1.0032802919805868,1.0032802919757557,1.0032802911293526
0.723,1.0032014590710256,1.003201459066236,1.0032014581598434
0.724,1.0031234152907849,1.0031234152860362,1.0031234143093222
0.725,1.0030461573078204,1.0030461573031124,1.003046156253887
0.726,1.0029696817588523,1.0029696817541853,1.0029696806381647
0.727,1.002893985250138,1.0028939852455117,1.0028939840753095
0.728,1.0028190643582366,1.0028190643536514,1.0028190631470042
0.729,1.0027449156307666,1.002744915626222,1.0027449144034595
0.73,1.0026715355871543,1.0026715355826503,1.0026715343693764
0.731,1.002598920719375,1.0025989207149117,1.002598919556623
0.732,1.0025270674926883,1.0025270674882654,1.0025270664099075
0.733,1.0024559723463626,1.0024559723419801,1.0024559713480745
0.734,1.0023856316943949,1.0023856316900528,1.0023856307705286
0.735,1.002316041926221,1.0023160419219188,1.002316041057236
0.736,1.0022471994074187,1.0022471994031568,1.0022471985687236
0.737,1.002179100480405,1.0021791004761829,1.0021790996460795
0.738,1.0021117414651228,1.0021117414609406,1.0021117406109532
0.739,1.0020451186597235,1.0020451186555808,1.0020451177655547
0.74,1.0019792283412392,1.0019792283371363,1.0019792273926555
0.741,1.00191406676625,1.0019140667621866,1.001914065755588
0.742,1.0018496301715427,1.0018496301675186,1.001849629098246
0.743,1.0017859147747616,1.0017859147707768,1.0017859136450833
0.744,1.001722916775054,1.0017229167711084,1.0017229156011163
0.745,1.0016606323537065,1.0016606323498,1.0016606311519216
0.746,1.0015990576747758,1.0015990576709082,1.0015990564636366
0.747,1.0015381888857107,1.001538188881882,1.0015381876924534
0.748,1.0014780221179682,1.0014780221141784,1.0014780209808034
0.749,1.0014185534876228,1.0014185534838713,1.001418552424453
0.75,1.001359779095967,1.001359779092254,1.0013597781081491
0.751,1.0013016950301068,1.0013016950264322,1.0013016941072606
0.752,1.0012442973635494,1.001244297359913,1.001244296487778
0.753,1.0011875821567837,1.001187582153185,1.0011875813063131
0.754,1.0011315454578544,1.001131545454294,1.0011315446101015
0.755,1.0010761833029298,1.001076183299407,1.0010761824369978
0.756,1.0010214917168612,1.0010214917133762,1.001021490815481
0.757,1.000967466713737,1.0009674667102892,1.0009674657646506
0.758,1.0009141042974294,1.0009141042940193,1.000914103294228
0.759,1.000861400462135,1.0008614004587624,1.0008613994045565
0.76,1.0008093511929086,1.0008093511895728,1.000809350086602
0.761,1.0007579524661891,1.0007579524628905,1.000757951321951
0.762,1.0007072002503217,1.0007072002470596,1.0007071990828125
0.763,1.0006570905060705,1.0006570905028451,1.0006570893320175
0.764,1.0006076191871265,1.0006076191839375,1.0006076180316876
0.765,1.0005587822406088,1.0005587822374562,1.0005587811364645
0.766,1.0005105756075594,1.000510575604443,1.0005105745698926
0.767,1.000462995223431,1.0004629952203508,1.0004629942534518
0.768,1.0004160370185702,1.000416037015526,1.0004160361074967
0.769,1.000369696918692,1.0003696969156834,1.0003696960512565
0.77,1.0003239708453504,1.0003239708423772,1.000323970002834
0.771,1.000278854716401,1.0002788547134636,1.0002788538792062
0.772,1.000234344446459,1.0002343444435569,1.000234343596226
0.773,1.00019043594735,1.000190435944483,1.0001904350686188
0.774,1.000147125128555,1.0001471251257232,1.0001471242099857
0.775,1.0001044078976498,1.0001044078948529,1.0001044069328011
0.776,1.000062280160738,1.0000622801579757,1.0000622791484144
0.777,1.0000207378228778,1.00002073782015,1.0000207367670493
0.778,0.9999797767885041,0.9999797767858106,0.9999797756978037
0.779,0.9999393929618433,0.9999393929591838,0.9999393918486498
0.78,0.9998995822473227,0.9998995822446972,0.9998995811264341
0.781,0.999860340549975,0.9998603405473834,0.9998603394410697
0.782,0.9998216637758364,0.9998216637732782,0.9998216627084262
0.783,0.9997835478323382,0.9997835478298136,0.9997835468223893
0.784,0.9997459886286947,0.9997459886262032,0.9997459876797513
0.785,0.9997089820762831,0.9997089820738249,0.9997089811827808
0.786,0.9996725240890206,0.9996725240865953,0.9996725232392223
0.787,0.9996366105837331,0.9996366105813406,0.999636609762296
0.788,0.9996012374805207,0.9996012374781605,0.9996012366706983
0.789,0.9995664007031159,0.9995664007007882,0.9995663998886014
0.79,0.9995320961792385,0.9995320961769429,0.9995320953456535
0.791,0.9994983198409435,0.9994983198386799,0.9994983189769786
0.792,0.9994650676249636,0.9994650676227318,0.9994650667231767
0.793,0.9994323354730476,0.9994323354708474,0.999432334530324
0.794,0.9994001193322928,0.9994001193301241,0.9994001183499721
0.795,0.9993684151554723,0.9993684151533347,0.9993684141391488
0.796,0.9993372189013571,0.9993372188992508,0.999337217860358
0.797,0.9993065265350333,0.9993065265329578,0.9993065254815794
0.798,0.9992763340282138,0.9992763340261692,0.9992763329764123
0.799,0.9992466373595456,0.9992466373575315,0.9992466363332928
0.8,0.9992174325149114,0.9992174325129277,0.9992174315338365
0.801,0.9991887154877267,0.9991887154857733,0.9991887145598897
0.802,0.9991604822792319,0.9991604822773085,0.9991604814038784
0.803,0.9991327288987797,0.9991327288968861,0.9991327280688069
0.804,0.9991054513641165,0.9991054513622526,0.9991054505682588
0.805,0.9990786457016614,0.9990786456998269,0.9990786449263966
0.806,0.9990523079467776,0.9990523079449722,0.9990523071779615
0.807,0.9990264341440412,0.9990264341422651,0.9990264333682738
0.808,0.999001020347505,0.9990010203457576,0.9990010195532325
0.809,0.9989760626209558,0.9989760626192371,0.9989760617993158
0.81,0.9989515570381701,0.9989515570364798,0.9989515561835808
0.811,0.9989274996831627,0.9989274996815006,0.9989274987936633
0.812,0.9989038866504322,0.9989038866487983,0.9989038857277782
0.8130000000000001,0.9988807140452014,0.9988807140435954,0.9988807130947195
0.8140000000000001,0.9988579779836535,0.9988579779820752,0.9988579770138596
0.8150000000000001,0.9988356745931639,0.9988356745916133,0.9988356736151505
0.8160000000000001,0.9988138000125277,0.9988138000110045,0.9988137990397284
0.8170000000000001,0.9987923503921822,0.9987923503906861,0.9987923494454453
0.8180000000000001,0.9987713218944259,0.9987713218929569,0.9987713209882718
0.8190000000000001,0.9987507106936336,0.9987507106921913,0.9987507098337866
0.8200000000000001,0.9987305129764658,0.99873051297505,0.9987305121618989
0.8210000000000001,0.998710724942075,0.9987107249406858,0.99871072416685
0.8220000000000001,0.9986913428023084,0.9986913428009456,0.9986913420572124
0.8230000000000001,0.9986723627819052,0.9986723627805684,0.9986723620558899
0.8240000000000001,0.9986537811186901,0.9986537811173791,0.9986537804001174
0.8250000000000001,0.9986355940637638,0.9986355940624785,0.9986355933414617
0.8260000000000001,0.9986177978816886,0.9986177978804288,0.9986177971458207
0.8270000000000001,0.9986003888506699,0.9986003888494355,0.9986003880934232
0.8280000000000001,0.9985833632627349,0.9985833632615255,0.9985833624788306
0.8290000000000001,0.9985667174239059,0.9985667174227214,0.9985667166109343
0.8300000000000001,0.9985504476543712,0.9985504476532113,0.9985504468129581
0.8310000000000001,0.998534550288651,0.9985345502875158,0.9985345494224566
0.8320000000000001,0.9985190216757608,0.9985190216746499,0.9985190207913158
0.833,0.9985038581793696,0.9985038581782828,0.9985038572857534
0.834,0.9984890561779558,0.998489056176893,0.9984890552863264
0.835,0.9984746120649585,0.9984746120639194,0.9984746111913446
0.836,0.9984605222489259,0.9984605222479102,0.9984605214068933
0.837,0.998446783153659,0.9984467831526666,0.9984467823497418
0.838,0.9984333912183533,0.9984333912173842,0.9984333904535373
0.839,0.9984203428977361,0.9984203428967898,0.9984203421688043
0.84,0.9984076346621998,0.9984076346612762,0.9984076339629442
0.841,0.998395262997933,0.9983952629970322,0.9983952623202359
0.842,0.9983832244070475,0.9983832244061691,0.9983832237418354
0.843,0.9983715154077017,0.9983715154068454,0.998371514745776
0.844,0.9983601325342213,0.9983601325333871,0.9983601318669685
0.845,0.9983490723372164,0.998349072336404,0.9983490716572004
0.846,0.998338331383695,0.9983383313829043,0.9983383306851372
0.847,0.998327906257174,0.9983279062564047,0.998327905536321
0.848,0.9983177935577866,0.9983177935570384,0.9983177928131715
0.849,0.9983079899023861,0.9983079899016589,0.9983079891349855
0.85,0.9982984919246476,0.9982984919239413,0.998298491137937
0.851,0.9982892962751656,0.9982892962744799,0.9982892954750777
0.852,0.9982803996215494,0.9982803996208841,0.9982803988163357
0.853,0.9982717986485146,0.9982717986478696,0.9982717978486646
0.854,0.9982634900579724,0.9982634900573476,0.9982634892762342
0.855,0.9982554705691158,0.9982554705685108,0.9982554698142756
0.856,0.9982477369185019,0.9982477369179168,0.998247736194737
0.857,0.998240285860133,0.9982402858595675,0.9982402851679222
0.858,0.9982331141655335,0.9982331141649875,0.9982331135024924
0.859,0.9982262186238244,0.9982262186232975,0.9982262179854647
0.86,0.9982195960417951,0.9982195960412874,0.9982195954222126
0.861,0.9982132432439724,0.9982132432434836,0.9982132426364664
0.862,0.9982071570726867,0.9982071570722166,0.9982071564703124
0.863,0.9982013343881354,0.9982013343876838,0.9982013337841936
0.864,0.998195772068444,0.9981957720680109,0.9981957714569093
0.865,0.9981904670097244,0.9981904670093094,0.998190466385615
0.866,0.9981854161261298,0.9981854161257329,0.9981854154858232
0.867,0.9981806163499091,0.9981806163495298,0.9981806156914023
0.868,0.9981760646314558,0.9981760646310942,0.9981760639545774
0.869,0.9981717579393576,0.9981717579390132,0.9981717572459298
0.87,0.9981676932604403,0.9981676932601133,0.9981676925543975
0.871,0.9981638675998125,0.9981638675995027,0.9981638668872747
0.872,0.998160277980905,0.9981602779806121,0.9981602772702122
0.873,0.9981569214455097,0.9981569214452337,0.9981569207460822
0.874,0.9981537950538154,0.9981537950535558,0.9981537943724654
0.875,0.9981508958844411,0.998150895884198,0.9981508952251664
0.876,0.9981482210344675,0.9981482210342406,0.9981482203988972
0.877,0.9981457676194664,0.9981457676192554,0.9981457670072731
0.878,0.9981435327735263,0.9981435327733311,0.9981435321828149
0.879,0.9981415136492781,0.9981415136490985,0.9981415130769469
0.88,0.9981397074179169,0.998139707417753,0.9981397068599981
0.881,0.9981381112692225,0.9981381112690738,0.9981381107212015
0.882,0.9981367224115769,0.9981367224114435,0.9981367218686948
0.883,0.9981355380719811,0.9981355380718626,0.99813553752952
0.884,0.9981345554960681,0.9981345554959645,0.9981345549496231
0.885,0.9981337719481155,0.9981337719480265,0.9981337713938547
0.886,0.9981331847110548,0.9981331847109803,0.9981331841459696
0.887,0.9981327910864797,0.9981327910864196,0.9981327905086271
0.888,0.9981325883946515,0.9981325883946056,0.9981325878033909
0.889,0.9981325739745032,0.9981325739744714,0.9981325733707285
0.89,0.9981327451836419,0.998132745183624,0.9981327445700124
0.891,0.9981330993983486,0.9981330993983443,0.998133098779519
0.892,0.9981336340135762,0.9981336340135853,0.998133633396429
0.893,0.9981343464429467,0.9981343464429693,0.9981343458342328
0.894,0.9981352341187454,0.9981352341187811,0.9981352335213683
0.895,0.9981362944919134,0.9981362944919623,0.9981362939079487
0.896,0.99813752503204,0.9981375250321016,0.9981375244628079
0.897,0.9981389232273506,0.9981389232274249,0.9981389226734321
0.898,0.9981404865846951,0.9981404865847819,0.9981404860459588
0.899,0.9981422126295343,0.9981422126296334,0.9981422121051767
0.9,0.9981440989059234,0.9981440989060348,0.9981440983945269
0.901,0.9981461429764955,0.9981461429766192,0.998146142476101
0.902,0.9981483424224425,0.9981483424225781,0.998148341930643
0.903,0.9981506948434945,0.9981506948436417,0.9981506943575476
0.904,0.9981531978578978,0.9981531978580566,0.9981531973748619
0.905,0.9981558491023917,0.9981558491025619,0.9981558486192837
0.906,0.9981586462321831,0.9981586462323645,0.9981586457461633
0.907,0.9981615869209202,0.9981615869211128,0.9981615864295018
0.908,0.9981646688606648,0.9981646688608683,0.9981646683619521
0.909,0.9981678897618621,0.9981678897620763,0.9981678892548184
0.91,0.9981712473533108,0.9981712473535356,0.9981712468380569
0.911,0.99817473938213,0.9981747393823653,0.9981747388602749
0.912,0.9981783636137267,0.9981783636139724,0.9981783630887314
0.913,0.9981821178317598,0.9981821178320157,0.9981821173093371
0.914,0.9981859998381047,0.9981859998383709,0.9981859993217339
0.915,0.9981900074528153,0.9981900074530913,0.9981900069409293
0.916,0.9981941385140851,0.9981941385143708,0.9981941380063056
0.917,0.9981983908782074,0.9981983908785028,0.9981983903750251
0.918,0.9982027624195341,0.998202762419839,0.9982027619219722
0.919,0.9982072510304326,0.9982072510307469,0.998207250539754
0.92,0.9982118546212431,0.9982118546215666,0.9982118541387005
0.921,0.9982165711202325,0.998216571120565,0.9982165706468639
0.922,0.9982213984735495,0.9982213984738909,0.9982213980100191
0.923,0.9982263346451761,0.9982263346455263,0.9982263341916637
0.924,0.9982313776168811,0.99823137761724,0.9982313771730182
0.925,0.9982365253881692,0.9982365253885366,0.9982365249530253
0.926,0.9982417759762311,0.998241775976607,0.9982417755483499
0.927,0.9982471274158924,0.9982471274162766,0.9982471269933806
0.928,0.9982525777595607,0.998252577759953,0.9982525773402277
0.929,0.9982581250771718,0.9982581250775722,0.9982581246587244
0.93,0.9982637674561361,0.9982637674565444,0.9982637670364267
0.931,0.9982695030012821,0.9982695030016984,0.9982695025786128
0.932,0.998275329834801,0.9982753298352248,0.9982753294082837
0.933,0.9982812460961882,0.9982812460966196,0.9982812456661629
0.934,0.9982872499421862,0.9982872499426251,0.9982872495106969
0.935,0.9982933395467245,0.9982933395471707,0.9982933391180544
0.936,0.9982995131008603,0.9982995131013136,0.9982995126756087
0.937,0.998305768812717,0.9983057688131772,0.9983057683842318
0.9380000000000001,0.9983121049074226,0.9983121049078898,0.9983121044721649
0.9390000000000001,0.998318519627048,0.9983185196275218,0.9983185191840469
0.9400000000000001,0.998325011230542,0.9983250112310225,0.99832501078075
0.9410000000000001,0.9983315779936685,0.9983315779941555,0.9983315775393794
0.9420000000000001,0.9983382182089412,0.9983382182094347,0.9983382177532742
0.9430000000000001,0.9983449301855579,0.9983449301860576,0.9983449297320065
0.9440000000000001,0.9983517122493341,0.99835171224984,0.9983517118013815
0.9450000000000001,0.9983585627426357,0.9983585627431476,0.9983585623034381
0.9460000000000001,0.9983654800243116,0.9983654800248295,0.9983654795964482
0.9470000000000001,0.9983724624696249,0.9983724624701484,0.9983724620549174
0.9480000000000001,0.9983795084701836,0.9983795084707129,0.9983795080695841
0.9490000000000001,0.9983866164338712,0.998386616434406,0.9983866160474204
0.9500000000000001,0.9983937847847759,0.9983937847853162,0.9983937844116317
0.9510000000000001,0.9984010119631197,0.9984010119636652,0.9984010116016563
0.9520000000000001,0.9984082964251866,0.9984082964257371,0.9984082960731664
0.9530000000000001,0.9984156366432504,0.998415636643806,0.9984156362980671
0.9540000000000001,0.9984230311055017,0.9984230311060623,0.9984230307644967
0.9550000000000001,0.998430478315975,0.9984304783165405,0.9984304779768275
0.9560000000000001,0.9984379767944741,0.9984379767950443,0.9984379764556643
0.9570000000000001,0.998445525076498,0.9984455250770728,0.9984455247378456
0.9580000000000001,0.9984531217131658,0.9984531217137451,0.9984531213764433
0.9590000000000001,0.9984607652711414,0.9984607652717253,0.9984607649384096
0.96,0.9984684543325575,0.9984684543331457,0.998468453992025
0.961,0.9984761874949387,0.9984761874955311,0.9984761871366636
0.962,0.9984839633711252,0.9984839633717218,0.9984839629899761
0.963,0.9984917805891955,0.998491780589796,0.9984917801839028
0.964,0.9984996377923879,0.9984996377929923,0.9984996373646752
0.965,0.9985075336390231,0.9985075336396313,0.9985075331928144
0.966,0.9985154668024253,0.9985154668030374,0.9985154663431325
0.967,0.9985234359708436,0.9985234359714592,0.9985234355047321
0.968,0.9985314398473718,0.9985314398479909,0.9985314393810057
0.969,0.9985394771498697,0.9985394771504922,0.998539476689637
0.97,0.9985475466108824,0.9985475466115082,0.9985475461625994
0.971,0.9985556469775605,0.9985556469781897,0.9985556465461575
0.972,0.998563777011579,0.9985637770122112,0.9985637766008655
0.973,0.9985719354890559,0.9985719354896913,0.9985719351015684
0.974,0.998580121200472,0.9985801212011104,0.998580120837402
0.975,0.9985883329505886,0.9985883329512297,0.998588332611792
0.976,0.9985965695583653,0.9985965695590092,0.998596569242455
0.977,0.9986048298568787,0.9986048298575252,0.9986048295613975
0.978,0.9986131126932396,0.9986131126938887,0.998613112414917
0.979,0.9986214169285105,0.9986214169291621,0.9986214166636013
0.98,0.9986297414376227,0.9986297414382768,0.9986297411823282
0.981,0.9986380851092933,0.9986380851099496,0.9986380848602665
0.982,0.998646446845942,0.9986464468466004,0.9986464466008751
0.983,0.9986548255636073,0.998654825564268,0.9986548253219034
0.984,0.9986632201918637,0.9986632201925265,0.998663219954858
0.985,0.9986716296737372,0.9986716296744019,0.998671629425262
0.986,0.9986800529656216,0.9986800529662881,0.9986800526859806
0.987,0.9986884890371941,0.9986884890378624,0.9986884887141565
0.988,0.9986969368713317,0.9986969368720018,0.9986969364989157
0.989,0.9987053954640264,0.9987053954646983,0.998705395041367
0.99,0.9987138638243008,0.9987138638249743,0.9987138633546028
0.991,0.9987223409741236,0.9987223409747984,0.9987223404636973
0.992,0.9987308259483246,0.9987308259490008,0.9987308254057088
0.993,0.9987393177945104,0.998739317795188,0.9987393172296783
0.994,0.9987478155729793,0.9987478155736581,0.9987478149966293
0.995,0.9987563183566364,0.9987563183573164,0.998756317779569
0.996,0.9987648252309085,0.9987648252315896,0.9987648246634867
0.997,0.9987733352936595,0.9987733352943416,0.9987733347453558
0.998,0.9987818476551048,0.9987818476557879,0.9987818471341318
0.999,0.9987903614377264,0.9987903614384104,0.9987903609507532
1.0,0.9987988757761881,0.998798875776873,0.9987988753281423
1.0010000000000001,0.9988073898172498,0.9988073898179356,0.9988073894112035
1.002,0.998815902719683,0.9988159027203694,0.9988159023568246
1.0030000000000001,0.9988244136541847,0.9988244136548718,0.9988244133338762
1.004,0.9988329218032936,0.9988329218039813,0.9988329215232122
1.0050000000000001,0.9988414263613039,0.9988414263619918,0.998841426117669
1.006,0.9988499265341804,0.9988499265348687,0.9988499263220667
1.0070000000000001,0.9988584215394738,0.9988584215401626,0.9988584213532073
1.008,0.9988669106062357,0.9988669106069248,0.998866910439877
1.0090000000000001,0.9988753929749334,0.9988753929756227,0.998875392822844
1.01,0.9988838678973652,0.9988838678980544,0.99888386775486
1.0110000000000001,0.998892334636575,0.9988923346372642,0.9988923345006598
1.012,0.9989007924667689,0.9989007924674579,0.9989007923355365
1.0130000000000001,0.9989092406732288,0.9989092406739177,0.9989092405146253
1.014,0.9989176785522292,0.9989176785529179,0.9989176783302417
1.0150000000000001,0.998926105410952,0.9989261054116405,0.9989261051007038
1.016,0.9989345205674025,0.9989345205680906,0.998934520153674
1.0170000000000001,0.9989429233503248,0.9989429233510125,0.9989429228261583
1.018,0.9989513130991178,0.9989513130998053,0.9989513124645064
1.0190000000000001,0.9989596891637516,0.9989596891644384,0.9989596884244124
1.02,0.9989680509046824,0.9989680509053691,0.9989680500709145
1.0210000000000001,0.9989763976927706,0.9989763976934565,0.9989763967783943
1.022,0.998984728909195,0.9989847289098803,0.9989847279305779
1.0230000000000001,0.998993043945371,0.9989930439460559,0.9989930429205351
1.024,0.9990013422028672,0.9990013422035513,0.9990013411506796
1.025,0.9990096230933208,0.9990096230940042,0.9990096220327692
1.026,0.9990178860383562,0.9990178860390388,0.9990178849879059
1.027,0.9990261304695016,0.9990261304701833,0.999026129446535
1.028,0.9990343558281061,0.999034355828787,0.9990343548484463
1.029,0.9990425615652578,0.9990425615659376,0.9990425606427736
1.03,0.9990507471417012,0.9990507471423801,0.9990507462879947
1.031,0.9990589120277551,0.9990589120284329,0.9990589112519306
1.032,0.9990670557032311,0.9990670557039079,0.9990670550117473
1.033,0.9990751776573514,0.999075177658027,0.9990751770539543
1.034,0.999083277388668,0.9990832773893423,0.9990832768744048
1.035,0.9990913544049809,0.999091354405654,0.9990913539782964
1.036,0.9990994082232575,0.9990994082239293,0.9990994078801705
1.037,0.9991074383695515,0.9991074383702222,0.9991074381039124
1.038,0.9991154443789232,0.9991154443795924,0.9991154441827516
1.039,0.9991234257953575,0.9991234257960254,0.9991234256592615
1.04,0.9991313821716857,0.9991313821723522,0.999131382085359
1.041,0.9991393130695048,0.9991393130701699,0.9991393130223057
1.042,0.9991472180590978,0.9991472180597613,0.9991472180407066
1.043,0.9991550967193545,0.9991550967200166,0.999155096720511
1.044,0.9991629486376932,0.9991629486383534,0.9991629486510121
1.045,0.9991707734099804,0.999170773410639,0.9991707734236238
1.046,0.9991785706404537,0.9991785706411105,0.9991785706062286
1.047,0.9991863399416429,0.9991863399422979,0.9991863398172639
1.048,0.9991940809342922,0.9991940809349455,0.999194080689751
1.049,0.9992017932472825,0.9992017932479339,0.9992017928633601
1.05,0.9992094765175538,0.9992094765182032,0.9992094759844117
1.051,0.9992171303900279,0.9992171303906755,0.9992171297058755
1.052,0.9992247545175326,0.9992247545181783,0.9992247536873715
1.053,0.999232348560724,0.9992323485613676,0.999232347595169
1.054,0.9992399121880106,0.999239912188652,0.9992399111021871
1.055,0.9992474450754778,0.9992474450761173,0.9992474438879948
1.056,0.9992549469068119,0.9992549469074491,0.9992549456388106
1.057,0.9992624173732244,0.9992624173738595,0.9992624160475025
1.058,0.9992698561733779,0.9992698561740108,0.999269854813589
1.059,0.9992772630133104,0.999277263013941,0.9992772616432375
1.06,0.9992846376063618,0.9992846376069903,0.9992846362492653
1.061,0.9992919796730991,0.9992919796737254,0.9992919783511398
1.062,0.9992992889412433,0.9992992889418674,0.9992992876749778
1.063,0.9993065651455956,0.9993065651462172,0.9993065639535458
1.064,0.9993138080279639,0.9993138080285833,0.9993138069262603
1.065,0.999321017337091,0.9993210173377081,0.999321016339187
1.066,0.9993281928285818,0.9993281928291964,0.9993281919450416
1.067,0.9993353342648303,0.9993353342654425,0.9993353335031899
1.068,0.9993424414149497,0.9993424414155594,0.999342440779647
1.069,0.9993495140546989,0.9993495140553063,0.9993495135470774
1.07,0.9993565519664133,0.999356551967018,0.9993565515847957
1.071,0.9993635549389325,0.9993635549395345,0.9993635546787666
1.072,0.9993705227675311,0.9993705227681307,0.999370522621604
1.073,0.999377455253848,0.999377455254445,0.9993774552125714
1.074,0.9993843522058171,0.9993843522064114,0.9993843522575824
1.075,0.9993912134375976,0.9993912134381894,0.9993912135692
1.076,0.9993980387695054,0.9993980387700946,0.9993980389666374
1.077,0.9994048280279444,0.9994048280285309,0.9994048282757569
1.078,0.9994115810453378,0.9994115810459216,0.9994115813290708
1.079,0.999418297660061,0.9994182976606422,0.9994182979657413
1.08,0.9994249777163735,0.9994249777169518,0.9994249780296501
1.081,0.9994316210643516,0.9994316210649272,0.9994316213466156
1.082,0.9994382275598225,0.9994382275603952,0.9994382277736009
1.083,0.9994447970642966,0.9994447970648666,0.9994447971827058
1.084,0.9994513294449024,0.9994513294454695,0.9994513294503811
1.085,0.9994578245743205,0.9994578245748849,0.9994578244574285
1.086,0.9994642823307185,0.9994642823312799,0.9994642820890021
1.087,0.9994707025976851,0.9994707025982437,0.999470702234607
1.088,0.9994770852641671,0.9994770852647227,0.9994770847880995
1.089,0.9994834302244037,0.9994834302249563,0.9994834296476877
1.09,0.9994897373778634,0.9994897373784133,0.9994897367159309
1.091,0.9994960066291809,0.9994960066297279,0.9994960058997402
1.092,0.9995022378880933,0.9995022378886373,0.9995022371103776
1.093,0.9995084310693774,0.9995084310699185,0.9995084302634566
1.094,0.9995145860927881,0.9995145860933262,0.9995145852789428
1.095,0.9995207028829962,0.9995207028835313,0.9995207020811523
1.096,0.9995267813695261,0.9995267813700581,0.9995267805987536
1.097,0.9995328214866955,0.9995328214872247,0.9995328207647657
1.098,0.9995388231735547,0.9995388231740808,0.9995388225165597
1.099,0.9995447863738254,0.9995447863743484,0.9995447857958577
1.1,0.9995507110358413,0.9995507110363613,0.9995507105487335
1.101,0.9995565971124881,0.9995565971130053,0.9995565967256124
1.102,0.9995624445611451,0.9995624445616592,0.9995624442812708
1.103,0.9995682533436249,0.9995682533441359,0.9995682531748368
1.104,0.9995740234261162,0.9995740234266242,0.9995740233697897
1.105,0.9995797547791251,0.9995797547796299,0.9995797548339609
1.106,0.9995854473774175,0.9995854473779191,0.999585447539532
1.107,0.9995911011999616,0.9995911012004601,0.9995911014630373
1.108,0.9995967162298718,0.9995967162303672,0.9995967165853619
1.109,0.999602292454351,0.9996022924548433,0.9996022928917423
1.11,0.9996078298646351,0.9996078298651243,0.9996078303717666
1.111,0.9996133284559373,0.9996133284564234,0.9996133290193742
1.112,0.9996187882273926,0.9996187882278755,0.9996187888328562
1.113,0.9996242091820027,0.9996242091824824,0.9996242098148549
1.114,0.999629591326581,0.9996295913270578,0.999629591972364
1.115,0.9996349346717001,0.9996349346721735,0.9996349353095673
1.116,0.9996402392316353,0.9996402392321055,0.9996402398359068
1.117,0.9996455050243136,0.9996455050247808,0.9996455055766736
1.118,0.9996507320712592,0.9996507320717232,0.9996507325598992
1.119,0.9996559203975417,0.9996559203980024,0.9996559208162668
1.12,0.9996610700317231,0.9996610700321805,0.9996610703791128
1.121,0.9996661810058063,0.9996661810062606,0.9996661812844247
1.122,0.9996712533551838,0.999671253355635,0.9996712535708435
1.123,0.999676287118586,0.9996762871190341,0.9996762872796618
1.124,0.9996812823380314,0.9996812823384762,0.9996812824548251
1.125,0.999686239058775,0.9996862390592167,0.9996862391429308
1.1260000000000001,0.9996911573292595,0.999691157329698,0.9996911573932284
1.127,0.999696037201065,0.9996960372015005,0.9996960372576204
1.1280000000000001,0.9997008787288606,0.9997008787292927,0.9997008787906609
1.129,0.9997056819703544,0.9997056819707831,0.9997056820495573
1.1300000000000001,0.9997104469862461,0.9997104469866717,0.9997104470941681
1.131,0.9997151738401788,0.999715173840601,0.9997151739870049
1.1320000000000001,0.9997198625986911,0.9997198625991099,0.9997198627932318
1.133,0.9997245133311695,0.9997245133315853,0.9997245135806645
1.1340000000000001,0.9997291261098026,0.9997291261102152,0.9997291264197716
1.135,0.9997337010095334,0.999733701009943,0.9997337013836738
1.1360000000000001,0.9997382381080142,0.9997382381084207,0.9997382385481441
1.137,0.9997427374855601,0.9997427374859633,0.999742737991608
1.1380000000000001,0.9997471992251037,0.9997471992255036,0.999747199795143
1.139,0.9997516234121505,0.9997516234125472,0.9997516240424794
1.1400000000000001,0.9997560101347339,0.9997560101351275,0.9997560108199995
1.141,0.9997603594833716,0.999760359483762,0.9997603602167378
1.1420000000000001,0.9997646715510206,0.9997646715514077,0.9997646723243815
1.143,0.9997689464330347,0.9997689464334188,0.9997689472372697
1.1440000000000001,0.9997731842271212,0.9997731842275022,0.9997731850523942
1.145,0.9997773850332977,0.9997773850336755,0.999777385869399
1.1460000000000001,0.9997815489538504,0.9997815489542249,0.9997815497883505
1.147,0.9997856760932912,0.9997856760936624,0.9997856769064611
1.1480000000000001,0.9997897665583168,0.9997897665586848,0.9997897673348827
1.149,0.9997938204577672,0.9997938204581323,0.9997938211875872
1.1500000000000001,0.999797837902585,0.9997978379029469,0.9997978385799556
1.151,0.9998018190057745,0.9998018190061332,0.9998018196287767
1.1520000000000001,0.9998057638823615,0.9998057638827171,0.999805764452247
1.153,0.9998096726493538,0.9998096726497063,0.9998096731699718
1.154,0.9998135454257019,0.9998135454260513,0.9998135459029648
1.155,0.9998173823322594,0.9998173823326055,0.9998173827736471
1.156,0.9998211834917441,0.9998211834920872,0.9998211839058487
1.157,0.9998249490287008,0.9998249490290408,0.9998249494248077
1.158,0.9998286790694619,0.9998286790697988,0.9998286794571699
1.159,0.9998323737421109,0.9998323737424446,0.9998323741309897
1.16,0.999836033176444,0.9998360331767746,0.9998360335757298
1.161,0.9998396575039342,0.9998396575042617,0.999839657922261
1.162,0.9998432468576941,0.9998432468580185,0.999843247302862
1.163,0.9998468013724395,0.9998468013727607,0.99984680185122
1.164,0.999850321184454,0.9998503211847724,0.9998503217024305
1.165,0.9998538064315536,0.9998538064318688,0.9998538069929968
1.166,0.9998572572530506,0.9998572572533627,0.9998572578608308
1.167,0.9998606737897195,0.9998606737900284,0.9998606744452524
1.168,0.9998640561837622,0.9998640561840682,0.9998640568869896
1.169,0.9998674045787739,0.999867404579077,0.999867405328179
1.17,0.9998707191197097,0.9998707191200097,0.9998707199123648
1.171,0.9998739999528503,0.9998739999531471,0.9998740007844998
1.172,0.9998772472257692,0.9998772472260631,0.999877248090945
1.173,0.9998804610873003,0.9998804610875912,0.9998804619794694
1.174,0.9998836416875049,0.9998836416877929,0.9998836425992508
1.175,0.9998867891776397,0.9998867891779246,0.999886790100874
1.176,0.9998899037101251,0.999889903710407,0.9998899046363332
1.177,0.9998929854385136,0.9998929854387926,0.9998929863545187
1.178,0.9998960345174588,0.9998960345177348,0.9998960354087377
1.179,0.9998990511026845,0.9998990511029575,0.9998990519589909
1.18,0.9999020353509542,0.9999020353512242,0.9999020361657778
1.181,0.999904987420041,0.9999049874203081,0.9999049881900958
1.182,0.9999079074686975,0.9999079074689616,0.999907908193441
1.183,0.9999107956566265,0.9999107956568878,0.9999107963378072
1.184,0.9999136521444522,0.9999136521447105,0.999913652785687
1.185,0.9999164770936902,0.9999164770939458,0.999916477700071
1.186,0.9999192706667205,0.9999192706669731,0.9999192712444482
1.187,0.9999220330267573,0.9999220330270071,0.999922033582806
1.188,0.9999247643378232,0.9999247643380702,0.9999247648796296
1.189,0.9999274647647198,0.999927464764964,0.9999274652999031
1.19,0.9999301344730016,0.9999301344732429,0.9999301350091085
1.191,0.999932773628948,0.9999327736291865,0.9999327741732263
1.192,0.9999353823995374,0.9999353823997732,0.999935382958735
1.193,0.9999379609524208,0.9999379609526537,0.9999379615326116
1.194,0.9999405094558949,0.9999405094561251,0.9999405100623313
1.195,0.9999430280788769,0.9999430280791043,0.9999430287158677
1.196,0.9999455169908794,0.9999455169911041,0.9999455176616927
1.197,0.9999479763619843,0.9999479763622063,0.9999479770687763
1.198,0.9999504063628187,0.999950406363038,0.9999504071065866
1.199,0.9999528071645296,0.9999528071647463,0.9999528079450904
1.2,0.9999551789387604,0.9999551789389746,0.999955179754753
1.201,0.9999575218576264,0.9999575218578378,0.9999575227065371
1.202,0.9999598360936911,0.9999598360938996,0.9999598369719045
1.203,0.9999621218199424,0.9999621218201483,0.9999621227228149
1.204,0.9999643792097705,0.9999643792099739,0.9999643801317263
1.205,0.9999666084369444,0.9999666084371451,0.9999666093715952
1.206,0.9999688096755891,0.999968809675787,0.9999688106158761
1.207,0.9999709831001634,0.9999709831003588,0.9999709840382003
1.208,0.9999731288854384,0.9999731288856312,0.9999731298093272
1.209,0.9999752472064755,0.9999752472066655,0.999975248105894
1.21,0.9999773382386044,0.9999773382387919,0.9999773391063391
1.211,0.9999794021574024,0.9999794021575874,0.9999794029889634
1.212,0.9999814391386743,0.9999814391388566,0.9999814399319289
1.213,0.99998344935843,0.9999834493586096,0.9999834501132603
1.214,0.9999854329928651,0.9999854329930424,0.999985433710844
1.215,0.9999873902183414,0.9999873902185161,0.9999873909024283
1.216,0.999989321211366,0.999989321211538,0.9999893218656235
1.217,0.9999912261485718,0.9999912261487415,0.9999912267779019
1.218,0.9999931052066993,0.9999931052068664,0.9999931058165977
1.219,0.9999949585625763,0.9999949585627409,0.999994959158907
1.22,0.9999967863930994,0.9999967863932616,0.9999967869818882
1.221,0.9999985888752163,0.9999985888753761,0.9999985894624611
1.222,1.0000003661859063,1.0000003661860637,1.000000366777408
1.223,1.000002118502163,1.0000021185023178,1.0000021191033726
1.224,1.0000038460009766,1.0000038460011291,1.0000038466168613
1.225,1.000005548859316,1.0000055488594661,1.0000055494942415
1.226,1.0000072272541116,1.000007227254259,1.0000072279117433
1.227,1.0000088813622383,1.0000088813623835,1.0000088820454585
1.228,1.0000105113604991,1.000010511360642,1.0000105120713412
1.229,1.000012117425608,1.0000121174257486,1.0000121181652066
1.23,1.000013699734174,1.000013699734312,1.000013700502733
1.231,1.0000152584626847,1.0000152584628206,1.0000152592594598
1.232,1.000016793787491,1.0000167937876245,1.0000167946107883
1.233,1.0000183058847916,1.0000183058849228,1.0000183067319826
1.234,1.0000197949306164,1.0000197949307454,1.0000197957981678
1.235,1.000021261100813,1.0000212611009398,1.0000212619843318
1.236,1.000022704571031,1.0000227045711556,1.0000227054653237
1.237,1.0000241255167073,1.0000241255168296,1.000024126415855
1.238,1.0000255241130516,1.0000255241131717,1.0000255250104948
1.239,1.0000269005350326,1.0000269005351505,1.000026901422024
1.24,1.000028254957364,1.0000282549574797,1.0000282558253843
1.241,1.00002958755449,1.0000295875546037,1.0000295883973378
1.242,1.0000308985005728,1.0000308985006843,1.0000308993140998
1.243,1.0000321879694785,1.000032187969588,1.0000321887513381
1.244,1.0000334561347644,1.0000334561348718,1.000033456884174
1.245,1.0000347031696657,1.000034703169771,1.000034703887182
1.246,1.0000359292470835,1.0000359292471868,1.000035929934389
1.247,1.0000371345395713,1.0000371345396724,1.0000371351992756
1.248,1.0000383192193238,1.000038319219423,1.0000383198547749
1.249,1.0000394834581645,1.0000394834582618,1.0000394840732736
1.25,1.000040627427533,1.0000406274276286,1.0000406280266114
1.2510000000000001,1.0000417512984754,1.0000417512985689,1.0000417518860807
1.252,1.0000428552416303,1.0000428552417215,1.0000428558224268
1.2530000000000001,1.0000439394272191,1.0000439394273084,1.0000439400058487
1.254,1.000045004025035,1.0000450040251225,1.0000450046059983
1.2550000000000001,1.000046049204432,1.0000460492045176,1.00004604979198
1.256,1.0000470751343136,1.000047075134397,1.0000470757323519
1.2570000000000001,1.000048081983123,1.0000480819832045,1.0000480825951248
1.258,1.0000490699188327,1.0000490699189124,1.0000490705477627
1.2590000000000001,1.0000500391089346,1.0000500391090124,1.0000500397571825
1.26,1.0000509897204297,1.0000509897205057,1.0000509903897545
1.2610000000000001,1.0000519219198187,1.0000519219198927,1.0000519226113014
1.262,1.0000528358730922,1.0000528358731644,1.0000528365871
1.2630000000000001,1.0000537317457223,1.0000537317457927,1.000053732481879
1.264,1.0000546097026521,1.0000546097027208,1.0000546104598207
1.2650000000000001,1.0000554699082878,1.0000554699083544,1.0000554706845608
1.266,1.0000563125264887,1.0000563125265536,1.0000563133191873
1.2670000000000001,1.000057137720561,1.000057137720624,1.000057138526242
1.268,1.0000579456532461,1.0000579456533076,1.000057946467719
1.2690000000000001,1.0000587364867155,1.0000587364867752,1.0000587373050662
1.27,1.0000595103825605,1.0000595103826184,1.0000595111991841
1.2710000000000001,1.000060267501785,1.000060267501841,1.000060268310137
1.272,1.000061008004798,1.0000610080048524,1.0000610087985002
1.2730000000000001,1.000061732051406,1.0000617320514589,1.000061732825624
1.274,1.0000624398008053,1.0000624398008564,1.0000624405521086
1.2750000000000001,1.0000631314115749,1.0000631314116244,1.0000631321377842
1.276,1.0000638070416694,1.0000638070417174,1.0000638077417112
1.2770000000000001,1.0000644668484122,1.0000644668484584,1.0000644675221808
1.278,1.0000651109884886,1.0000651109885332,1.0000651116367145
1.2790000000000001,1.0000657396179393,1.0000657396179824,1.0000657402420645
1.28,1.0000663528921538,1.0000663528921954,1.0000663534942122
1.281,1.0000669509658646,1.0000669509659044,1.000066951548371
1.282,1.00006753399314,1.0000675339931784,1.0000675345589838
1.283,1.0000681021273794,1.0000681021274163,1.0000681026797233
1.284,1.000068655521307,1.0000686555213423,1.0000686560634937
1.285,1.0000691943269655,1.000069194326999,1.0000691948624294
1.286,1.000069718695711,1.0000697186957432,1.0000697192278944
1.287,1.0000702287782084,1.000070228778239,1.0000702293104842
1.288,1.000070724724425,1.000070724724454,1.0000707252600234
1.289,1.0000712066836255,1.000071206683653,1.000071207225568
1.29,1.0000716748043679,1.000071674804394,1.000071675355404
1.291,1.000072129234498,1.000072129234523,1.0000721297970478
1.292,1.0000725701211448,1.0000725701211683,1.0000725706972464
1.293,1.000072997610716,1.0000729976107383,1.000072998201977
1.294,1.000073411848894,1.0000734118489147,1.0000734124564468
1.295,1.000073812980631,1.0000738129806503,1.000073813605094
1.296,1.0000742011501447,1.0000742011501627,1.0000742017915871
1.297,1.000074576500915,1.0000745765009316,1.0000745771588244
1.298,1.00007493917568,1.0000749391756956,1.0000749398489353
1.299,1.000075289316432,1.0000752893164462,1.0000752900032792
1.3,1.0000756270644138,1.0000756270644267,1.0000756277624459
1.301,1.0000759525601155,1.0000759525601268,1.000075953266256
1.302,1.0000762659432705,1.0000762659432805,1.0000762666537597
1.303,1.0000765673528529,1.0000765673528618,1.0000765680632382
1.304,1.0000768569270748,1.0000768569270824,1.0000768576322645
1.305,1.000077134803382,1.000077134803388,1.0000771354988633
1.306,1.0000774011184514,1.0000774011184563,1.0000774018007252
1.307,1.0000776560081894,1.000077656008193,1.0000776566745702
1.308,1.000077899607728,1.0000778996077304,1.0000779002562745
1.309,1.0000781320514227,1.0000781320514238,1.0000781326808703
1.31,1.0000783534728501,1.0000783534728501,1.000078354082545
1.311,1.0000785640048053,1.000078564004804,1.000078564594642
1.312,1.0000787637793,1.0000787637792976,1.0000787643496596
1.313,1.0000789529275604,1.0000789529275567,1.0000789534792527
1.314,1.0000791315800248,1.0000791315800202,1.000079132114231
1.315,1.0000792998663424,1.0000792998663364,1.000079300384561
1.316,1.0000794579153707,1.0000794579153636,1.000079458419363
1.317,1.0000796058551742,1.000079605855166,1.0000796063469148
1.318,1.0000797438130233,1.000079743813014,1.000079744294649
1.319,1.000079871915392,1.0000798719153816,1.0000798723891537
1.32,1.000079990287957,1.0000799902879454,1.000079990756173
1.321,1.0000800990555958,1.0000800990555834,1.0000800995206063
1.322,1.0000801983423873,1.0000801983423737,1.000080198806509
1.323,1.0000802882716078,1.0000802882715933,1.0000802887370919
1.324,1.0000803689657327,1.0000803689657172,1.0000803694347216
1.325,1.0000804405464343,1.0000804405464179,1.00008044102092
1.326,1.0000805031345812,1.0000805031345639,1.0000805036163654
1.327,1.0000805568502376,1.0000805568502191,1.0000805573408906
1.328,1.0000806018126625,1.000080601812643,1.0000806023134854
1.329,1.0000806381403096,1.0000806381402891,1.000080638652294
1.33,1.0000806659508266,1.0000806659508052,1.000080666474617
1.331,1.0000806853610544,1.0000806853610322,1.0000806858969102
1.332,1.000080696487028,1.000080696487005,1.0000806970347855
1.333,1.000080699443975,1.000080699443951,1.00008070000301
1.334,1.0000806943463163,1.0000806943462914,1.000080694915507
1.335,1.0000806813076655,1.00008068130764,1.0000806818853547
1.336,1.0000806604408299,1.0000806604408032,1.0000806610247874
1.337,1.0000806318578093,1.0000806318577817,1.000080632445195
1.338,1.0000805956697971,1.0000805956697687,1.000080596257123
1.339,1.0000805519871805,1.0000805519871516,1.0000805525702798
1.34,1.000080500919541,1.000080500919511,1.000080501495501
1.341,1.0000804425756542,1.0000804425756236,1.0000804431430306
1.342,1.000080377063491,1.0000803770634594,1.000080377621059
1.343,1.0000803044902176,1.0000803044901851,1.0000803050369695
1.344,1.0000802249621963,1.0000802249621634,1.0000802254973387
1.345,1.0000801385849871,1.0000801385849534,1.0000801391079355
1.346,1.0000800454633472,1.0000800454633128,1.0000800459737225
1.347,1.0000799457012324,1.000079945701197,1.0000799461988552
1.348,1.0000798394017982,1.0000798394017623,1.0000798398866817
1.349,1.0000797266674006,1.000079726667364,1.000079727139744
1.35,1.0000796075995975,1.0000796075995602,1.0000796080597758
1.351,1.000079482299149,1.000079482299111,1.000079482747705
1.352,1.0000793508660197,1.0000793508659809,1.0000793513036523
1.353,1.000079213399379,1.0000792133993397,1.000079213826931
1.354,1.0000790699976028,1.0000790699975628,1.0000790704160476
1.355,1.000078920758275,1.0000789207582346,1.0000789211687018
1.356,1.000078765778189,1.0000787657781478,1.0000787661817863
1.357,1.000078605153349,1.000078605153307,1.0000786055513862
1.358,1.000078438978971,1.0000784389789283,1.0000784393727808
1.359,1.0000782673494852,1.000078267349442,1.0000782677404416
1.36,1.000078090358538,1.000078090358494,1.000078090748033
1.361,1.0000779080989926,1.0000779080989477,1.0000779084884133
1.362,1.0000777206629308,1.0000777206628853,1.0000777210536325
1.363,1.0000775281416565,1.0000775281416103,1.000077528534935
1.364,1.0000773306256956,1.0000773306256487,1.0000773310227573
1.365,1.0000771282047989,1.0000771282047516,1.0000771286067296
1.366,1.000076920967944,1.0000769209678961,1.0000769213756742
1.367,1.0000767090033373,1.0000767090032887,1.000076709417607
1.368,1.0000764923984158,1.0000764923983667,1.0000764928197374
1.369,1.0000762712398492,1.0000762712397995,1.000076271668467
1.37,1.000076045613543,1.0000760456134925,1.0000760460493907
1.371,1.0000758156046392,1.0000758156045884,1.0000758160472965
1.372,1.0000755812975197,1.0000755812974684,1.0000755817461653
1.373,1.0000753427758085,1.0000753427757567,1.0000753432291716
1.374,1.0000751001223736,1.0000751001223211,1.0000751005786817
1.375,1.0000748534193293,1.0000748534192763,1.0000748538762563
1.3760000000000001,1.0000746027480392,1.0000746027479857,1.0000746032026482
1.377,1.0000743481891183,1.0000743481890644,1.0000743486383807
1.3780000000000001,1.0000740898224356,1.0000740898223812,1.0000740902667704
1.379,1.0000738277271168,1.0000738277270618,1.000073828167347
1.3800000000000001,1.0000735619815464,1.0000735619814909,1.0000735624181858
1.381,1.0000732926633706,1.0000732926633145,1.0000732930966705
1.3820000000000001,1.0000730198495003,1.0000730198494436,1.000073020279495
1.383,1.0000727436161132,1.0000727436160564,1.0000727440426622
1.3840000000000001,1.0000724640386571,1.0000724640385998,1.0000724644614842
1.385,1.000072181191852,1.0000721811917945,1.0000721816105835
1.3860000000000001,1.0000718951496936,1.0000718951496357,1.0000718955638905
1.387,1.0000716059854557,1.0000716059853973,1.0000716063946462
1.3880000000000001,1.000071313771693,1.0000713137716344,1.000071314175401
1.389,1.0000710185802442,1.0000710185801853,1.0000710189780135
1.3900000000000001,1.0000707204822352,1.0000707204821757,1.0000707208736535
1.391,1.000070419548081,1.0000704195480212,1.0000704199327983
1.3920000000000001,1.00007011584749,1.00007011584743,1.0000701162252366
1.393,1.0000698094494664,1.000069809449406,1.0000698098200647
1.3940000000000001,1.000069500422313,1.0000695004222524,1.0000695007856895
1.395,1.0000691888336348,1.0000691888335738,1.0000691891898268
1.3960000000000001,1.0000688747503412,1.0000688747502797,1.000068875099502
1.397,1.0000685582386504,1.0000685582385886,1.0000685585810494
1.3980000000000001,1.0000682393640916,1.0000682393640294,1.000068239700114
1.399,1.0000679181915082,1.0000679181914458,1.0000679185216486
1.4000000000000001,1.0000675947850617,1.0000675947849988,1.0000675951099165
1.401,1.0000672692082335,1.0000672692081707,1.0000672695284902
1.4020000000000001,1.0000669415238306,1.0000669415237673,1.000066941840251
1.403,1.0000666117939858,1.000066611793922,1.000066612107391
1.4040000000000001,1.000066280080163,1.0000662800800992,1.00006628039141
1.405,1.0000659464431605,1.0000659464430963,1.000065946753118
1.4060000000000001,1.0000656109431132,1.0000656109430486,1.0000656112526352
1.407,1.0000652736394964,1.0000652736394315,1.0000652739493898
1.408,1.0000649345911299,1.000064934591065,1.0000649349021202
1.409,1.0000645938561805,1.0000645938561152,1.0000645941688742
1.41,1.0000642514921656,1.0000642514921003,1.0000642518070086
1.411,1.0000639075559565,1.000063907555891,1.0000639078731905
1.412,1.0000635621037826,1.0000635621037166,1.0000635624233953
1.413,1.0000632151912334,1.0000632151911673,1.0000632155129083
1.414,1.0000628668732632,1.000062866873197,1.0000628671963248
1.415,1.0000625172041944,1.000062517204128,1.0000625175275482
1.416,1.0000621662377203,1.0000621662376536,1.0000621665597924
1.417,1.0000618140269093,1.0000618140268425,1.0000618143455804
1.418,1.000061460624208,1.000061460624141,1.0000614609382725
1.419,1.0000611060814446,1.0000611060813775,1.0000611063945826
1.42,1.0000607504498336,1.0000607504497663,1.000060750765381
1.421,1.0000603937799775,1.00006039377991,1.0000603941004755
1.422,1.0000600361218714,1.0000600361218037,1.0000600364491485
1.423,1.000059677524907,1.0000596775248396,1.0000596778601576
1.424,1.0000593180378758,1.000059318037808,1.0000593183817352
1.425,1.0000589577089711,1.0000589577089032,1.000058958061589
1.426,1.0000585965857947,1.0000585965857265,1.000058596946902
1.427,1.0000582347153577,1.0000582347152893,1.0000582350843314
1.428,1.000057872144086,1.0000578721440174,1.0000578725200109
1.429,1.0000575089178225,1.000057508917754,1.0000575092995476
1.43,1.0000571450818319,1.0000571450817632,1.000057145468025
1.431,1.0000567806808034,1.0000567806807348,1.0000567810700012
1.432,1.0000564157588552,1.0000564157587863,1.000056416149509
1.433,1.000056050359537,1.0000560503594682,1.0000560507500567
1.434,1.0000556845258353,1.0000556845257664,1.0000556849146274
1.435,1.0000553183001752,1.0000553183001062,1.0000553186856802
1.436,1.0000549517244257,1.0000549517243567,1.0000549521051476
1.437,1.0000545848399018,1.0000545848398328,1.0000545852144387
1.438,1.00005421768737,1.0000542176873006,1.0000542180544365
1.439,1.0000538503070497,1.0000538503069805,1.0000538506655001
1.44,1.0000534827386192,1.0000534827385499,1.000053483087463
1.441,1.000053115021218,1.0000531150211485,1.0000531153596337
1.442,1.0000527471934504,1.000052747193381,1.0000527475207963
1.443,1.0000523792933902,1.0000523792933207,1.0000523796092096
1.444,1.0000520113585831,1.0000520113585134,1.0000520116626075
1.445,1.0000516434260511,1.0000516434259814,1.0000516437181992
1.446,1.0000512755322968,1.000051275532227,1.0000512758126683
1.447,1.000050907713305,1.0000509077132353,1.0000509079821744
1.448,1.0000505400045494,1.0000505400044797,1.0000505402623516
1.449,1.0000501724409934,1.0000501724409234,1.000050172688309
1.45,1.0000498050570952,1.0000498050570252,1.0000498052946312
1.451,1.0000494378868119,1.000049437886742,1.0000494381153775
1.452,1.0000490709636016,1.0000490709635317,1.0000490711840826
1.453,1.000048704320429,1.000048704320359,1.0000487045337556
1.454,1.0000483379897673,1.0000483379896974,1.0000483381968812
1.455,1.0000479720036033,1.0000479720035333,1.0000479722054194
1.456,1.0000476063934398,1.0000476063933699,1.0000476065908048
1.457,1.0000472411903,1.0000472411902301,1.0000472413839474
1.458,1.000046876424732,1.000046876424662,1.0000468766152315
1.459,1.0000465121268098,1.00004651212674,1.0000465123145177
1.46,1.00004614832614,1.00004614832607,1.0000461485111407
1.461,1.0000457850518636,1.0000457850517936,1.0000457852339104
1.462,1.00004542233266,1.00004542233259,1.0000454225111124
1.463,1.0000450601967508,1.0000450601966808,1.0000450603705069
1.464,1.0000446986719038,1.0000446986718339,1.0000446988449592
1.465,1.0000443377854356,1.0000443377853656,1.0000443379664077
1.466,1.0000439775642158,1.000043977564146,1.0000439777602765
1.467,1.0000436180346712,1.0000436180346017,1.0000436182516552
1.468,1.0000432592227886,1.0000432592227193,1.000043259465299
1.469,1.0000429011541185,1.000042901154049,1.0000429014256291
1.47,1.0000425438537786,1.0000425438537093,1.0000425441567333
1.471,1.000042187346458,1.0000421873463887,1.0000421876823644
1.472,1.00004183165642,1.0000418316563509,1.0000418320259412
1.473,1.0000414768075063,1.0000414768074373,1.000041477210549
1.474,1.00004112282314,1.0000411228230712,1.0000411232589383
1.475,1.0000407697263303,1.0000407697262614,1.000040770193526
1.476,1.0000404175396735,1.0000404175396052,1.0000404180363949
1.477,1.0000400662853601,1.0000400662852915,1.0000400668092932
1.478,1.0000397159851748,1.0000397159851067,1.0000397165336357
1.479,1.000039366660503,1.0000393666604346,1.0000393672305024
1.48,1.0000390183323316,1.0000390183322634,1.0000390189206396
1.481,1.0000386710212548,1.0000386710211868,1.0000386716244598
1.482,1.0000383247474764,1.0000383247474087,1.0000383253620408
1.483,1.0000379795308136,1.0000379795307457,1.0000379801531263
1.484,1.0000376353906997,1.000037635390632,1.0000376360171266
1.485,1.000037292346189,1.0000372923461212,1.0000372929731172
1.486,1.0000369504159592,1.0000369504158915,1.0000369510398397
1.487,1.0000366096183144,1.000036609618247,1.000036610235702
1.488,1.0000362699711904,1.0000362699711232,1.000036270578777
1.489,1.0000359314921563,1.000035931492089,1.0000359320868046
1.49,1.000035594198418,1.000035594198351,1.0000355947771897
1.491,1.000035258106823,1.000035258106756,1.0000352586670038
1.492,1.0000349232338623,1.0000349232337953,1.0000349237729835
1.493,1.0000345895956744,1.0000345895956073,1.0000345901115324
1.494,1.0000342572080485,1.0000342572079817,1.0000342576987187
1.495,1.000033926086428,1.0000339260863613,1.0000339265502776
1.496,1.0000335962459141,1.0000335962458475,1.0000335966816098
1.497,1.000033267701268,1.0000332677012014,1.0000332681077817
1.498,1.0000329404669157,1.000032940466849,1.0000329408435258
1.499,1.0000326145569496,1.000032614556883,1.0000326149032406
1.5,1.0000322899851335,1.000032289985067,1.00003229030099
1.5010000000000001,1.0000319667649047,1.0000319667648385,1.000031967050505
1.502,1.0000316449093778,1.0000316449093116,1.0000316451651805
1.5030000000000001,1.0000313244313475,1.0000313244312815,1.0000313246580796
1.504,1.0000310053432921,1.0000310053432262,1.0000310055419297
1.5050000000000001,1.0000306876573768,1.000030687657311,1.0000306878291243
1.506,1.0000303713854568,1.0000303713853913,1.0000303715317238
1.5070000000000001,1.0000300565390798,1.0000300565390146,1.0000300566614535
1.508,1.0000297431294909,1.0000297431294254,1.0000297432297047
1.5090000000000001,1.0000294311676332,1.000029431167568,1.0000294312475349
1.51,1.0000291206641536,1.0000291206640886,1.0000291207256675
1.5110000000000001,1.0000288116294043,1.0000288116293394,1.0000288116744915
1.512,1.0000285040734462,1.0000285040733814,1.0000285041040624
1.5130000000000001,1.0000281980060521,1.0000281980059875,1.0000281980241008
1.514,1.0000278934367095,1.000027893436645,1.000027893443994
1.5150000000000001,1.0000275903746245,1.0000275903745603,1.0000275903727942
1.516,1.0000272888287238,1.0000272888286599,1.0000272888192208
1.5170000000000001,1.0000269888076583,1.0000269888075946,1.000026988791658
1.518,1.0000266903198063,1.0000266903197426,1.0000266903017692
1.5190000000000001,1.0000263933732756,1.000026393373212,1.0000263933659674
1.52,1.000026097975908,1.0000260979758444,1.0000260979908024
1.5210000000000001,1.0000258041352799,1.0000258041352168,1.0000258041821606
1.522,1.0000255118587085,1.0000255118586454,1.0000255119457737
1.5230000000000001,1.0000252211532517,1.0000252211531888,1.0000252212872185
1.524,1.0000249320257126,1.00002493202565,1.000024932211917
1.5250000000000001,1.0000246444826424,1.00002464448258,1.000024644725136
1.526,1.0000243585303425,1.0000243585302804,1.0000243588319877
1.5270000000000001,1.0000240741748683,1.0000240741748063,1.0000240745374298
1.528,1.0000237914220313,1.0000237914219694,1.0000237918462642
1.5290000000000001,1.0000235102774024,1.0000235102773407,1.000023510763139
1.53,1.0000232307463144,1.0000232307462529,1.0000232312925466
1.5310000000000001,1.0000229528338653,1.0000229528338038,1.0000229534388245
1.532,1.0000226765449205,1.0000226765448592,1.000022677206156
1.5330000000000001,1.000022401884116,1.000022401884055,1.000022402598569
1.534,1.0000221288558608,1.0000221288558,1.0000221296199368
1.5350000000000001,1.0000218574643405,1.0000218574642799,1.0000218582739777
1.536,1.0000215877135188,1.0000215877134584,1.000021588564255
1.537,1.0000213196071412,1.0000213196070808,1.000021320494177
1.538,1.0000210531487368,1.0000210531486766,1.000021054066998
1.539,1.0000207883416223,1.0000207883415622,1.0000207892858164
1.54,1.000020525188903,1.0000205251888432,1.0000205261535762
1.541,1.000020263693477,1.0000202636934175,1.0000202646730663
1.542,1.0000200038580367,1.0000200038579772,1.0000200048469212
1.543,1.0000197456850721,1.0000197456850128,1.00001974667762
1.544,1.0000194891768732,1.0000194891768142,1.000019490167487
1.545,1.0000192343355323,1.0000192343354732,1.000019235318692
1.546,1.000018981162947,1.0000189811628881,1.0000189821332497
1.547,1.0000187296608225,1.0000187296607639,1.0000187306130197
1.548,1.0000184798306742,1.0000184798306155,1.000018480759707
1.549,1.0000182316738297,1.0000182316737718,1.0000182325748614
1.55,1.0000179851914333,1.0000179851913753,1.0000179860598786
1.551,1.0000177403844452,1.0000177403843873,1.0000177412159987
1.552,1.0000174972536466,1.0000174972535891,1.0000174980443068
1.553,1.0000172557996414,1.0000172557995841,1.000017256545734
1.554,1.000017016022858,1.000017016022801,1.0000170167210556
1.555,1.0000167779235531,1.0000167779234963,1.0000167785708922
1.556,1.0000165415018123,1.0000165415017555,1.0000165420957103
1.557,1.0000163067575536,1.0000163067574972,1.0000163072958206
1.558,1.0000160736905304,1.000016073690474,1.0000160741713793
1.559,1.0000158423003318,1.0000158423002756,1.0000158427223877
1.56,1.0000156125863873,1.0000156125863313,1.0000156129486926
1.561,1.0000153845479671,1.0000153845479114,1.0000153848499849
1.562,1.000015158184186,1.0000151581841303,1.0000151584258017
1.563,1.0000149334940043,1.0000149334939488,1.0000149336755246
1.564,1.0000147104762311,1.0000147104761758,1.000014710598381
1.565,1.000014489129526,1.0000144891294709,1.0000144891934424
1.566,1.0000142694524017,1.0000142694523466,1.000014269459626
1.567,1.0000140514432256,1.0000140514431708,1.0000140513956943
1.568,1.000013835100223,1.0000138351001684,1.0000138350002548
1.569,1.000013620421478,1.0000136204214236,1.00001362027176
1.57,1.000013407404937,1.0000134074048828,1.0000134072085074
1.571,1.0000131960484098,1.0000131960483556,1.00001319580864
1.572,1.000012986349572,1.0000129863495182,1.0000129860701459
1.573,1.0000127783059676,1.000012778305914,1.0000127779908576
1.574,1.0000125719150106,1.0000125719149573,1.0000125715684536
1.575,1.0000123671739873,1.0000123671739343,1.0000123668004575
1.576,1.000012164080058,1.0000121640800053,1.0000121636842372
1.577,1.00001196263026,1.000011962630207,1.0000119622170065
1.578,1.0000117628215075,1.0000117628214549,1.0000117623958242
1.579,1.0000115646505967,1.0000115646505443,1.000011564217594
1.58,1.0000113681142053,1.0000113681141531,1.0000113676813756
1.581,1.0000111732088957,1.0000111732088437,1.0000111727853205
1.582,1.000010979931116,1.0000109799310646,1.0000109795246408
1.583,1.0000107882772038,1.0000107882771523,1.0000107878945084
1.584,1.0000105982433853,1.0000105982433343,1.0000105978900584
1.585,1.0000104098257803,1.0000104098257296,1.000010409506386
1.586,1.0000102230204015,1.0000102230203511,1.0000102227385481
1.587,1.0000100378231582,1.000010037823108,1.0000100375815626
1.588,1.0000098542298572,1.0000098542298073,1.0000098540304097
1.589,1.000009672236205,1.0000096722361553,1.0000096720800302
1.59,1.0000094918378093,1.0000094918377598,1.0000094917253264
1.591,1.0000093130301815,1.000009313030132,1.000009312961162
1.592,1.0000091358087375,1.0000091358086884,1.0000091357823622
1.593,1.0000089601688007,1.0000089601687518,1.0000089601837132
1.594,1.0000087861056028,1.0000087861055542,1.0000087861599634
1.595,1.0000086136142858,1.0000086136142377,1.0000086137058213
1.596,1.0000084426899045,1.0000084426898566,1.0000084428159577
1.597,1.0000082733274265,1.0000082733273785,1.0000082734850047
1.598,1.0000081055217356,1.000008105521688,1.0000081057075554
1.599,1.0000079392676329,1.0000079392675856,1.0000079394781642
1.6,1.0000077745598386,1.0000077745597913,1.0000077747913476
1.601,1.0000076113929925,1.0000076113929457,1.000007611641583
1.602,1.000007449761658,1.0000074497616112,1.0000074500233087
1.603,1.0000072896603218,1.0000072896602752,1.000007289930925
1.604,1.0000071310833956,1.0000071310833492,1.0000071313587933
1.605,1.0000069740252189,1.0000069740251727,1.0000069743012365
1.606,1.0000068184800597,1.0000068184800137,1.000006818752539
1.607,1.0000066644421162,1.0000066644420702,1.0000066647069459
1.608,1.0000065119055184,1.0000065119054726,1.0000065121586645
1.609,1.0000063608643295,1.0000063608642842,1.000006361101863
1.61,1.000006211312548,1.000006211312503,1.0000062115306712
1.611,1.0000060632441088,1.0000060632440637,1.0000060634391796
1.612,1.0000059166528839,1.0000059166528388,1.0000059168214412
1.613,1.000005771532685,1.0000057715326405,1.0000057716714692
1.614,1.0000056278772655,1.0000056278772211,1.0000056279832394
1.615,1.0000054856803202,1.000005485680276,1.0000054857506875
1.616,1.0000053449354878,1.0000053449354438,1.000005344967712
1.617,1.000005205636352,1.0000052056363082,1.0000052056281719
1.618,1.0000050677764434,1.0000050677763996,1.0000050677258874
1.619,1.00000493134924,1.0000049313491965,1.0000049312546408
1.62,1.00000479634817,1.0000047963481267,1.0000047962081757
1.621,1.0000046627666115,1.0000046627665682,1.0000046625801962
1.622,1.0000045305978946,1.0000045305978518,1.0000045303643688
1.623,1.0000043998353036,1.000004399835261,1.0000043995543204
1.624,1.0000042704720766,1.0000042704720342,1.00000427014364
1.625,1.0000041425014083,1.0000041425013662,1.0000041421258778
1.6260000000000001,1.0000040159164503,1.0000040159164083,1.0000040154945453
1.627,1.0000038907103128,1.000003890710271,1.0000038902431154
1.6280000000000001,1.0000037668760662,1.0000037668760244,1.000003766365022
1.629,1.0000036444067415,1.0000036444067,1.0000036438536615
1.6300000000000001,1.0000035232953326,1.0000035232952913,1.0000035227023898
1.631,1.0000034035347964,1.0000034035347554,1.0000034029045255
1.6320000000000001,1.000003285118055,1.0000032851180138,1.0000032844533489
1.633,1.000003168037996,1.000003168037955,1.0000031673421004
1.6340000000000001,1.0000030522874743,1.0000030522874337,1.0000030515639828
1.635,1.0000029378593136,1.0000029378592732,1.0000029371121595
1.6360000000000001,1.0000028247463064,1.0000028247462662,1.000002823979756
1.637,1.0000027129412166,1.0000027129411764,1.0000027121598585
1.6380000000000001,1.0000026024367785,1.0000026024367388,1.0000026016455152
1.639,1.000002493225701,1.0000024932256613,1.0000024924297353
1.6400000000000001,1.0000023853006657,1.0000023853006261,1.0000023845054113
1.641,1.0000022786543297,1.0000022786542904,1.0000022778647644
1.6420000000000001,1.000002173279326,1.000002173279287,1.0000021724997479
1.643,1.0000020691682658,1.0000020691682268,1.0000020684023356
1.6440000000000001,1.000001966313737,1.000001966313698,1.000001965564519
1.645,1.0000018647083078,1.0000018647082691,1.000001863978306
1.6460000000000001,1.0000017643445265,1.000001764344488,1.0000017636357215
1.647,1.000001665214923,1.0000016652148846,1.000001664528808
1.6480000000000001,1.0000015673120093,1.000001567311971,1.000001566649624
1.649,1.0000014706282807,1.0000014706282427,1.0000014699902464
1.6500000000000001,1.0000013751562171,1.0000013751561792,1.0000013745427676
1.651,1.0000012808882832,1.0000012808882455,1.0000012802992981
1.6520000000000001,1.0000011878169304,1.0000011878168928,1.0000011872519654
1.653,1.0000010959345973,1.00000109593456,1.0000010953929133
1.6540000000000001,1.0000010052337103,1.000001005233673,1.0000010047143026
1.655,1.0000009157066847,1.0000009157066478,1.0000009152083125
1.6560000000000001,1.0000008273459267,1.00000082734589,1.0000008268671376
1.657,1.0000007401438322,1.0000007401437956,1.0000007396829904
1.6580000000000001,1.0000006540927893,1.0000006540927528,1.0000006536480999
1.659,1.0000005691851788,1.0000005691851426,1.0000005687547129
1.6600000000000001,1.000000485413375,1.000000485413339,1.000000484995092
1.661,1.0000004027697464,1.0000004027697105,1.0000004023615183
1.6620000000000001,1.0000003212466564,1.0000003212466206,1.0000003208462886
1.663,1.0000002408364648,1.000000240836429,1.0000002404417176
1.6640000000000001,1.0000001615315275,1.0000001615314922,1.0000001611401366
1.665,1.000000083324199,1.000000083324164,1.0000000829338935
1.666,1.0000000062068315,1.0000000062067966,1.0000000058153546
1.667,0.9999999301717765,0.9999999301717416,0.9999999297769017
1.668,0.9999998552113852,0.9999998552113506,0.9999998548109346
1.669,0.9999997813180102,0.9999997813179754,0.9999997809098694
1.67,0.9999997084840047,0.9999997084839701,0.9999997080661398
1.671,0.9999996367017245,0.9999996367016902,0.9999996362721962
1.672,0.9999995659635285,0.9999995659634944,0.9999995655205065
1.673,0.9999994962617788,0.9999994962617448,0.9999994958035546
1.674,0.9999994275888422,0.9999994275888083,0.9999994271138426
1.675,0.9999993599370902,0.9999993599370566,0.9999993594438887
1.676,0.9999992932989005,0.9999992932988669,0.9999992927862288
1.677,0.9999992276666567,0.9999992276666234,0.9999992271334153
1.678,0.9999991630327498,0.9999991630327167,0.9999991624780177
1.679,0.9999990993895783,0.9999990993895455,0.9999990988126228
1.68,0.9999990367295493,0.9999990367295165,0.9999990361298344
1.681,0.9999989750450786,0.999998975045046,0.9999989744222729
1.682,0.9999989143285919,0.9999989143285595,0.999998913682576
1.683,0.9999988545725249,0.9999988545724927,0.9999988539033987
1.684,0.9999987957693246,0.9999987957692923,0.9999987950774123
1.685,0.999998737911449,0.9999987379114167,0.9999987371973058
1.686,0.9999986809913682,0.9999986809913362,0.9999986802557851
1.687,0.9999986250015651,0.9999986250015332,0.9999986242455725
1.688,0.9999985699345357,0.999998569934504,0.9999985691594082
1.689,0.9999985157827898,0.9999985157827582,0.9999985149900488
1.69,0.9999984625388514,0.99999846253882,0.9999984617302681
1.691,0.9999984101952594,0.9999984101952282,0.9999984093728572
1.692,0.9999983587445681,0.999998358744537,0.9999983579106237
1.693,0.9999983081793477,0.9999983081793168,0.9999983073363925
1.694,0.9999982584921846,0.999998258492154,0.9999982576430055
1.695,0.9999982096756825,0.9999982096756519,0.9999982088233217
1.696,0.9999981617224624,0.9999981617224316,0.999998160870217
1.697,0.9999981146251626,0.9999981146251322,0.9999981137765046
1.698,0.9999980683764408,0.9999980683764105,0.9999980675344017
1.699,0.9999980229689729,0.9999980229689426,0.999998022136165
1.7,0.9999979783954542,0.9999979783954239,0.9999979775741349
1.701,0.9999979346485999,0.9999979346485697,0.9999979338406902
1.702,0.9999978917211452,0.9999978917211151,0.999997890928249
1.703,0.9999978496058461,0.9999978496058162,0.999997848829268
1.704,0.9999978082954799,0.9999978082954499,0.9999978075362429
1.705,0.999997767782845,0.999997767782815,0.9999977670417082
1.706,0.9999977280607619,0.9999977280607318,0.9999977273382369
1.707,0.9999976891220733,0.9999976891220435,0.9999976884184414
1.708,0.9999976509596449,0.9999976509596152,0.9999976502749727
1.709,0.9999976135663653,0.9999976135663358,0.9999976129005205
1.71,0.9999975769351466,0.9999975769351173,0.9999975762878134
1.711,0.9999975410589248,0.9999975410588956,0.999997540429619
1.712,0.9999975059306603,0.9999975059306311,0.9999975053187437
1.713,0.9999974715433376,0.9999974715433086,0.9999974709480325
1.714,0.9999974378899665,0.9999974378899377,0.9999974373103697
1.715,0.9999974049635824,0.9999974049635535,0.9999974043986779
1.716,0.9999973727572454,0.9999973727572168,0.9999973722059191
1.717,0.9999973412640426,0.999997341264014,0.9999973407250937
1.718,0.9999973104770864,0.999997310477058,0.999997309949241
1.719,0.9999972803895166,0.9999972803894882,0.9999972798714393
1.72,0.9999972509944995,0.9999972509944712,0.9999972504848058
1.721,0.9999972222852286,0.9999972222852004,0.9999972217824962
1.722,0.9999971942549248,0.9999971942548967,0.9999971937577056
1.723,0.9999971668968372,0.9999971668968093,0.9999971664036674
1.724,0.9999971402042424,0.9999971402042146,0.999997139713654
1.725,0.9999971141704457,0.9999971141704179,0.9999971136809769
1.726,0.9999970887887809,0.9999970887887533,0.9999970882989859
1.727,0.9999970640526107,0.9999970640525833,0.9999970635610702
1.728,0.9999970399553267,0.9999970399552993,0.9999970394606575
1.729,0.9999970164903502,0.999997016490323,0.9999970159912148
1.73,0.9999969936511319,0.9999969936511048,0.9999969931462472
1.731,0.9999969714311522,0.9999969714311253,0.9999969709192992
1.732,0.999996949823922,0.9999969498238951,0.9999969493039539
1.733,0.999996928822982,0.9999969288229551,0.9999969282938335
1.734,0.9999969084219036,0.9999969084218766,0.9999969078825989
1.735,0.9999968886142888,0.9999968886142621,0.9999968880639494
1.736,0.9999968693937709,0.9999968693937442,0.9999968688316239
1.737,0.9999968507540138,0.9999968507539873,0.9999968501793999
1.738,0.9999968326887132,0.9999968326886867,0.9999968321010932
1.739,0.9999968151915959,0.9999968151915694,0.9999968145905594
1.74,0.9999967982564204,0.999996798256394,0.9999967976416921
1.741,0.9999967818769773,0.9999967818769508,0.9999967812484242
1.742,0.999996766047089,0.9999967660470627,0.9999967654047272
1.743,0.9999967507606101,0.9999967507605839,0.9999967501046114
1.744,0.9999967360114279,0.9999967360114017,0.9999967353421265
1.745,0.9999967217934616,0.9999967217934355,0.9999967211113603
1.746,0.9999967081006632,0.9999967081006372,0.9999967074064399
1.747,0.9999966949270179,0.9999966949269921,0.999996694221531
1.748,0.9999966822665435,0.9999966822665176,0.9999966815508385
1.749,0.9999966701132906,0.9999966701132649,0.9999966693886057
1.75,0.9999966584613434,0.999996658461318,0.999996657729115
1.7510000000000001,0.9999966473048195,0.999996647304794,0.9999966465666875
1.752,0.9999966366378694,0.9999966366378439,0.9999966358956833
1.7530000000000001,0.9999966264546772,0.9999966264546519,0.9999966257105013
1.754,0.9999966167494613,0.999996616749436,0.9999966160055792
1.7550000000000001,0.9999966075164729,0.9999966075164476,0.9999966067753935
1.756,0.9999965987499977,0.9999965987499726,0.9999965980142477
1.7570000000000001,0.9999965904443551,0.9999965904443301,0.9999965897154987
1.758,0.9999965825938986,0.9999965825938737,0.9999965818732193
1.7590000000000001,0.9999965751930154,0.9999965751929907,0.9999965744816482
1.76,0.9999965682361276,0.9999965682361031,0.9999965675350645
1.7610000000000001,0.999996561717691,0.9999965617176664,0.9999965610277866
1.762,0.9999965556321957,0.9999965556321713,0.9999965549541733
1.7630000000000001,0.9999965499741664,0.9999965499741421,0.9999965493086229
1.764,0.9999965447381625,0.9999965447381381,0.9999965440855743
1.7650000000000001,0.9999965399187771,0.9999965399187528,0.9999965392795049
1.766,0.9999965355106385,0.9999965355106144,0.9999965348849335
1.7670000000000001,0.9999965315084095,0.9999965315083854,0.9999965308964177
1.768,0.9999965279067876,0.9999965279067635,0.9999965273085556
1.7690000000000001,0.9999965247005046,0.9999965247004805,0.9999965241159848
1.77,0.9999965218843273,0.9999965218843033,0.9999965213133833
1.7710000000000001,0.9999965194530573,0.9999965194530334,0.9999965188954681
1.772,0.9999965174015311,0.9999965174015071,0.9999965168569972
1.7730000000000001,0.9999965157246195,0.9999965157245956,0.9999965151927673
1.774,0.9999965144172287,0.9999965144172047,0.999996513897616
1.7750000000000001,0.9999965134742992,0.9999965134742753,0.9999965129664201
1.776,0.9999965128908069,0.9999965128907831,0.9999965123940968
1.7770000000000001,0.9999965126617623,0.9999965126617385,0.9999965121756027
1.778,0.9999965127822105,0.9999965127821867,0.9999965123059347
1.7790000000000001,0.999996513247232,0.9999965132472083,0.9999965127801291
1.78,0.999996514051942,0.9999965140519183,0.9999965135932626
1.7810000000000001,0.9999965151914902,0.9999965151914666,0.9999965147404515
1.782,0.9999965166610616,0.9999965166610382,0.9999965162168519
1.7830000000000001,0.9999965184558759,0.9999965184558525,0.9999965180176602
1.784,0.9999965205711876,0.9999965205711642,0.9999965201381121
1.7850000000000001,0.9999965230022859,0.9999965230022627,0.9999965225734837
1.786,0.9999965257444954,0.9999965257444722,0.9999965253190906
1.7870000000000001,0.9999965287931746,0.9999965287931514,0.9999965283702884
1.788,0.9999965321437172,0.9999965321436939,0.9999965317224727
1.7890000000000001,0.9999965357915515,0.9999965357915283,0.9999965353710791
1.79,0.9999965397321406,0.9999965397321173,0.9999965393115826
1.7910000000000001,0.9999965439609823,0.9999965439609592,0.9999965435394984
1.792,0.9999965484736086,0.9999965484735857,0.9999965480503816
1.793,0.9999965532655867,0.9999965532655638,0.9999965528398272
1.794,0.9999965583325178,0.9999965583324949,0.9999965579034702
1.795,0.9999965636700376,0.9999965636700147,0.9999965632369848
1.796,0.9999965692738165,0.9999965692737935,0.9999965688360859
1.797,0.999996575139559,0.9999965751395362,0.9999965746965279
1.798,0.999996581263004,0.9999965812629814,0.9999965808141051
1.799,0.9999965876399246,0.9999965876399021,0.9999965871846518
1.8,0.9999965942661284,0.9999965942661058,0.999996593804042
1.801,0.9999966011374567,0.9999966011374342,0.9999966006681899
1.802,0.999996608249785,0.9999966082497624,0.9999966077730491
1.803,0.9999966155990229,0.9999966155990003,0.9999966151146135
1.804,0.9999966231811137,0.9999966231810912,0.9999966226889166
1.805,0.9999966309920347,0.9999966309920122,0.999996630492032
1.806,0.999996639027797,0.9999966390277745,0.9999966385200734
1.807,0.9999966472844454,0.9999966472844228,0.9999966467691934
1.808,0.999996655758058,0.9999966557580354,0.9999966552355857
1.809,0.9999966644447469,0.9999966644447242,0.9999966639154833
1.81,0.9999966733406572,0.9999966733406347,0.9999966728051588
1.811,0.9999966824419677,0.9999966824419452,0.9999966819009254
1.812,0.9999966917448904,0.9999966917448678,0.9999966911991355
1.813,0.9999967012456703,0.9999967012456477,0.9999967006961816
1.814,0.9999967109405854,0.9999967109405629,0.9999967103884965
1.815,0.9999967208259473,0.9999967208259247,0.9999967202725524
1.816,0.9999967308980996,0.9999967308980772,0.9999967303448614
1.817,0.9999967411534194,0.999996741153397,0.9999967406019756
1.818,0.9999967515883162,0.9999967515882939,0.9999967510404871
1.819,0.9999967621992324,0.9999967621992101,0.9999967616568455
1.82,0.9999967729826422,0.99999677298262,0.9999967724461409
1.821,0.9999967839350529,0.9999967839350307,0.9999967834045602
1.822,0.9999967950530035,0.9999967950529813,0.9999967945286493
1.823,0.9999968063330656,0.9999968063330434,0.9999968058149832
1.824,0.9999968177718427,0.9999968177718205,0.9999968172601669
1.825,0.99999682936597,0.9999968293659478,0.9999968288608345
1.826,0.9999968411121151,0.9999968411120929,0.9999968406136505
1.827,0.9999968530069766,0.9999968530069544,0.9999968525153079
1.828,0.999996865047285,0.9999968650472628,0.9999968645625301
1.829,0.9999968772298027,0.9999968772297805,0.9999968767520699
1.83,0.9999968895513227,0.9999968895513005,0.9999968890807098
1.831,0.9999969020086698,0.9999969020086475,0.9999969015452616
1.832,0.9999969145986992,0.999996914598677,0.9999969141425668
1.833,0.999996927318298,0.999996927318276,0.9999969268694965
1.834,0.9999969401643837,0.9999969401643617,0.9999969397229516
1.835,0.9999969531339045,0.9999969531338825,0.9999969526998621
1.836,0.9999969662238392,0.9999969662238172,0.9999969657971881
1.837,0.9999969794311969,0.9999969794311749,0.9999969790119192
1.838,0.9999969927530177,0.9999969927529957,0.9999969923410741
1.839,0.9999970061863711,0.999997006186349,0.9999970057817017
1.84,0.999997019728357,0.999997019728335,0.9999970193308804
1.841,0.9999970333761053,0.9999970333760834,0.9999970329857176
1.842,0.999997047126776,0.999997047126754,0.9999970467433512
1.843,0.9999970609775579,0.9999970609775359,0.999997060600948
1.844,0.9999970749256702,0.9999970749256482,0.9999970745557045
1.845,0.9999970889683611,0.9999970889683392,0.9999970886048472
1.846,0.9999971031029082,0.9999971031028861,0.9999971027456315
1.847,0.9999971173266178,0.9999971173265957,0.9999971169753432
1.848,0.9999971316368256,0.9999971316368036,0.999997131291297
1.849,0.9999971460308961,0.9999971460308741,0.9999971456908374
1.85,0.9999971605062222,0.9999971605062002,0.9999971601713388
1.851,0.9999971750602257,0.9999971750602037,0.9999971747302048
1.852,0.9999971896903567,0.9999971896903347,0.9999971893648686
1.853,0.9999972043940932,0.9999972043940711,0.9999972040727935
1.854,0.9999972191689417,0.9999972191689197,0.9999972188514715
1.855,0.9999972340124366,0.9999972340124145,0.9999972336984251
1.856,0.9999972489221399,0.9999972489221178,0.9999972486112058
1.857,0.9999972638956415,0.9999972638956195,0.999997263587395
1.858,0.9999972789305587,0.9999972789305367,0.9999972786246034
1.859,0.9999972940245362,0.9999972940245141,0.9999972937204716
1.86,0.9999973091752457,0.9999973091752237,0.9999973088726697
1.861,0.9999973243803864,0.9999973243803643,0.9999973240788971
1.862,0.9999973396376838,0.9999973396376618,0.9999973393368831
1.863,0.9999973549448907,0.9999973549448686,0.9999973546443867
1.864,0.9999973702997864,0.9999973702997643,0.9999973699991961
1.865,0.9999973857001764,0.9999973857001543,0.9999973853991293
1.866,0.9999974011438926,0.9999974011438706,0.999997400842034
1.867,0.9999974166287933,0.9999974166287713,0.9999974163257874
1.868,0.9999974321527626,0.9999974321527405,0.9999974318482963
1.869,0.9999974477137102,0.9999974477136883,0.9999974474074969
1.87,0.999997463309572,0.99999746330955,0.9999974630013551
1.871,0.9999974789383088,0.9999974789382868,0.9999974786278666
1.872,0.9999974945979073,0.9999974945978852,0.9999974942850564
1.873,0.999997510286379,0.999997510286357,0.9999975099709792
1.874,0.9999975260017607,0.9999975260017387,0.9999975256837194
1.875,0.9999975417421142,0.9999975417420922,0.999997541421391
1.8760000000000001,0.9999975575055258,0.9999975575055038,0.9999975571821371
1.877,0.9999975732901065,0.9999975732900845,0.9999975729641312
1.8780000000000001,0.9999975890939917,0.9999975890939696,0.9999975887655759
1.879,0.999997604915341,0.999997604915319,0.9999976045847032
1.8800000000000001,0.9999976207523381,0.9999976207523161,0.9999976204197749
1.881,0.9999976366031909,0.9999976366031689,0.999997636269083
1.8820000000000001,0.9999976524661308,0.9999976524661088,0.9999976521309479
1.883,0.9999976683394131,0.999997668339391,0.9999976680037205
1.8840000000000001,0.9999976842213161,0.9999976842212941,0.9999976838857808
1.885,0.9999977001101421,0.9999977001101201,0.9999976997755388
1.8860000000000001,0.999997716004216,0.999997716004194,0.9999977156714338
1.887,0.999997731901886,0.999997731901864,0.9999977315719348
1.8880000000000001,0.999997747801523,0.999997747801501,0.9999977474755405
1.889,0.9999977637015205,0.9999977637014984,0.9999977633805267
1.8900000000000001,0.9999977796002948,0.9999977796002727,0.9999977792834733
1.891,0.9999977954962843,0.9999977954962623,0.9999977951825301
1.8920000000000001,0.9999978113879497,0.9999978113879278,0.9999978110762824
1.893,0.9999978272737738,0.9999978272737517,0.9999978269633306
1.8940000000000001,0.9999978431522613,0.9999978431522392,0.9999978428422911
1.895,0.9999978590219384,0.9999978590219163,0.9999978587117951
1.8960000000000001,0.9999978748813532,0.9999978748813312,0.9999978745704892
1.897,0.999997890729075,0.9999978907290529,0.9999978904170355
1.8980000000000001,0.9999979065636942,0.9999979065636723,0.9999979062501111
1.899,0.9999979223838228,0.9999979223838008,0.9999979220684088
1.9000000000000001,0.9999979381880933,0.9999979381880714,0.9999979378706367
1.901,0.9999979539751591,0.9999979539751371,0.9999979536555179
1.9020000000000001,0.9999979697436943,0.9999979697436722,0.9999979694217915
1.903,0.9999979854923932,0.9999979854923711,0.9999979851682111
1.9040000000000001,0.9999980012199705,0.9999980012199485,0.9999980008935462
1.905,0.9999980169251614,0.9999980169251392,0.9999980165965814
1.9060000000000001,0.9999980326067208,0.9999980326066986,0.9999980322761168
1.907,0.9999980482634232,0.999998048263401,0.9999980479309677
1.9080000000000001,0.9999980638940632,0.999998063894041,0.9999980635599648
1.909,0.9999980794974547,0.9999980794974325,0.9999980791619542
1.9100000000000001,0.9999980950724309,0.9999980950724087,0.999998094735797
1.911,0.9999981106178444,0.9999981106178222,0.9999981102803699
1.9120000000000001,0.9999981261325668,0.9999981261325446,0.9999981257945654
1.913,0.9999981416154883,0.9999981416154661,0.9999981412772903
1.9140000000000001,0.9999981570655183,0.9999981570654961,0.9999981567274675
1.915,0.9999981724815846,0.9999981724815624,0.999998172144035
1.9160000000000001,0.9999981878626333,0.9999981878626111,0.9999981875259462
1.917,0.9999982032076289,0.9999982032076067,0.9999982028721698
1.9180000000000001,0.9999982185155539,0.9999982185155317,0.9999982181816898
1.919,0.9999982337854091,0.9999982337853868,0.9999982334535055
1.92,0.9999982490162126,0.9999982490161902,0.9999982486866316
1.921,0.9999982642070006,0.9999982642069782,0.9999982638800982
1.922,0.9999982793568266,0.9999982793568042,0.9999982790329508
1.923,0.9999982944647614,0.9999982944647391,0.9999982941442496
1.924,0.9999983095298934,0.999998309529871,0.9999983092130712
1.925,0.9999983245513275,0.9999983245513051,0.9999983242385068
1.926,0.9999983395281858,0.9999983395281634,0.9999983392196629
1.927,0.9999983544596072,0.9999983544595848,0.9999983541556616
1.928,0.9999983693447472,0.9999983693447247,0.9999983690456404
1.929,0.9999983841827774,0.9999983841827551,0.9999983838887521
1.93,0.9999983989728863,0.999998398972864,0.9999983986841645
1.931,0.9999984137142781,0.9999984137142558,0.9999984134310611
1.932,0.9999984284061733,0.9999984284061508,0.9999984281286406
1.933,0.999998443047808,0.9999984430477856,0.9999984427761168
1.934,0.9999984576384341,0.9999984576384118,0.9999984573727196
1.935,0.9999984721773193,0.999998472177297,0.9999984719176933
1.936,0.9999984866637465,0.9999984866637242,0.9999984864102982
1.937,0.9999985010970137,0.9999985010969914,0.9999985008498093
1.938,0.9999985154764345,0.9999985154764122,0.9999985152355179
1.939,0.9999985298013371,0.9999985298013147,0.9999985295667294
1.94,0.9999985440710646,0.9999985440710423,0.9999985438427657
1.941,0.9999985582849751,0.9999985582849527,0.9999985580629632
1.942,0.9999985724424407,0.9999985724424183,0.9999985722266742
1.943,0.9999985865428486,0.9999985865428261,0.999998586333266
1.944,0.9999986005855996,0.9999986005855773,0.9999986003821213
1.945,0.9999986145701094,0.999998614570087,0.999998614372638
1.946,0.999998628495807,0.9999986284957846,0.9999986283042298
1.947,0.9999986423621355,0.9999986423621132,0.9999986421763255
1.948,0.999998656168552,0.9999986561685296,0.9999986559883687
1.949,0.9999986699145267,0.9999986699145043,0.9999986697398192
1.95,0.9999986835995434,0.9999986835995209,0.9999986834301515
1.951,0.9999986972230992,0.9999986972230769,0.9999986970588558
1.952,0.9999987107847046,0.9999987107846822,0.9999987106254375
1.953,0.9999987242838829,0.9999987242838604,0.9999987241294173
1.954,0.9999987377201702,0.9999987377201477,0.9999987375703312
1.955,0.9999987510931156,0.9999987510930931,0.9999987509477307
1.956,0.9999987644022807,0.9999987644022582,0.9999987642611825
1.957,0.9999987776472397,0.9999987776472171,0.9999987775102689
1.958,0.9999987908275789,0.9999987908275563,0.999998790694587
1.959,0.9999988039428972,0.9999988039428744,0.9999988038137495
1.96,0.999998816992805,0.9999988169927823,0.9999988168673847
1.961,0.9999988299769255,0.9999988299769027,0.999998829855136
1.962,0.9999988428948928,0.9999988428948701,0.9999988427766622
1.963,0.9999988557463535,0.9999988557463307,0.9999988556316373
1.964,0.9999988685309652,0.9999988685309426,0.9999988684197505
1.965,0.9999988812483974,0.9999988812483747,0.999998881140707
1.966,0.9999988938983305,0.9999988938983079,0.9999988937942265
1.967,0.9999989064804565,0.9999989064804338,0.9999989063800446
1.968,0.9999989189944781,0.9999989189944554,0.9999989188979119
1.969,0.9999989314401091,0.9999989314400863,0.9999989313475949
1.97,0.999998943817074,0.9999989438170512,0.9999989437288745
1.971,0.9999989561251081,0.9999989561250854,0.9999989560414648
1.972,0.9999989683639574,0.9999989683639348,0.9999989682848006
1.973,0.9999989805333781,0.9999989805333555,0.9999989804586157
1.974,0.9999989926331369,0.9999989926331141,0.9999989925626901
1.975,0.9999990046630103,0.9999990046629874,0.9999990045968119
1.976,0.9999990166227853,0.9999990166227624,0.9999990165607782
1.977,0.9999990285122587,0.9999990285122359,0.9999990284543937
1.978,0.9999990403312372,0.9999990403312142,0.999999040277472
1.979,0.9999990520795371,0.9999990520795141,0.9999990520298343
1.98,0.9999990637569844,0.9999990637569613,0.9999990637113105
1.981,0.9999990753634145,0.9999990753633914,0.9999990753217386
1.982,0.9999990868986723,0.9999990868986492,0.9999990868609648
1.983,0.9999990983626118,0.9999990983625886,0.9999990983288435
1.984,0.9999991097550962,0.9999991097550729,0.999999109725238
1.985,0.9999991210759975,0.9999991210759742,0.999999121050019
1.986,0.999999132325197,0.9999991323251738,0.9999991323030657
1.987,0.9999991435025845,0.9999991435025612,0.999999143484266
1.988,0.9999991546080587,0.9999991546080355,0.9999991545935156
1.989,0.9999991656415266,0.9999991656415033,0.9999991656307187
1.99,0.9999991766029037,0.9999991766028804,0.9999991765957875
1.991,0.999999187492114,0.9999991874920908,0.9999991874886429
1.992,0.9999991983090898,0.9999991983090666,0.9999991983092134
1.993,0.9999992090537714,0.9999992090537482,0.9999992090574364
1.994,0.999999219726107,0.9999992197260837,0.9999992197332573
1.995,0.9999992303260528,0.9999992303260294,0.9999992303366299
1.996,0.9999992408535727,0.9999992408535494,0.9999992408675159
1.997,0.9999992513086385,0.9999992513086152,0.9999992513258855
1.998,0.9999992616912297,0.9999992616912065,0.9999992617117173
1.999,0.9999992720013328,0.9999992720013096,0.999999272024998
2.0,0.9999992822389422,0.9999992822389189,0.9999992822657224
